Datum;Zeit;Filiale;Kassennummer;Transaktionsnummer;Artikel;Menge;Aktion;Umsatz
24.12.2024;12:05:26;MM Solothurn;251;102;Dill;1;0.00;2.10
24.12.2024;12:05:26;MM Solothurn;251;102;Valflora Crème Fraîche;1;0.00;2.85
24.12.2024;12:05:26;MM Solothurn;251;102;Züger Mascarpone;1;0.00;3.50
24.12.2024;12:05:26;MM Solothurn;251;102;Coaties Cappu.Mandel;1;0.00;3.95
24.12.2024;12:05:26;MM Solothurn;251;102;Blévita mini Paprika;1;0.00;3.00
24.12.2024;12:05:26;MM Solothurn;251;102;MBud Dragées Mix;1;0.00;7.50
24.12.2024;12:05:26;MM Solothurn;251;102;Frey Coaties Almond;2;0.00;7.90
24.12.2024;12:05:26;MM Solothurn;251;102;Shortbread Highlanders;1;0.00;5.60
24.12.2024;12:05:26;MM Solothurn;251;102;Etoilekerzen 8 Stk.;1;0.00;4.95
24.12.2024;12:05:26;MM Solothurn;251;102;Etoilekerzen 8 Stk.;2;0.00;9.90
24.12.2024;12:05:26;MM Solothurn;251;102;Bonus-Coupon 2x;1;0;0
24.12.2024;12:05:26;MM Solothurn;251;102;CUM +3xPkt.Ges.Sort.;1;0;0
14.12.2024;13:24:50;MM Solothurn;481;155;MClass Freiland Mix;1;0.00;2.95
14.12.2024;13:06:51;MM Solothurn;257;116;Kiwi Gold;1;0.00;2.00
14.12.2024;13:06:51;MM Solothurn;257;116;MBud Bananen;0.885;0.00;1.15
14.12.2024;13:06:51;MM Solothurn;257;116;Äpfel Boskoop;1.857;0.00;5.85
14.12.2024;13:06:51;MM Solothurn;257;116;Broccoli;0.472;0.00;1.70
14.12.2024;13:06:51;MM Solothurn;257;116;Nüsslisalat;1;0.00;3.00
14.12.2024;13:06:51;MM Solothurn;257;116;Bio Kartoffeln mehlig.;1;0.00;3.20
14.12.2024;13:06:51;MM Solothurn;257;116;Butterzopf;1;0.00;3.90
14.12.2024;13:06:51;MM Solothurn;257;116;Kuchenteig rund;1;0.00;1.70
14.12.2024;13:06:51;MM Solothurn;257;116;Schmelzkäse Gruyère;1;0.00;2.95
14.12.2024;13:06:51;MM Solothurn;257;116;Alfredo Mascarpone;1;0.00;3.60
14.12.2024;13:06:51;MM Solothurn;257;116;Berg Vorzugsbutter;1;0.00;3.25
14.12.2024;13:06:51;MM Solothurn;257;116;Eier CH Respeggt;1;0.00;3.90
14.12.2024;13:06:51;MM Solothurn;257;116;Vanillezucker 4x10g;1;0.00;3.70
14.12.2024;13:06:51;MM Solothurn;257;116;MClass Senf scharf;1;0.00;1.25
14.12.2024;13:06:51;MM Solothurn;257;116;Stimorol Spearmint;1;0.00;4.95
14.12.2024;13:06:51;MM Solothurn;257;116;F Noir Special 10x100g;1;0.00;13.00
14.12.2024;13:06:51;MM Solothurn;257;116;Condy Knoblauchgurken;1;0.00;3.30
14.12.2024;13:06:51;MM Solothurn;257;116;Condy Champ.Pizzaiola;1;0.00;2.60
14.12.2024;13:06:51;MM Solothurn;257;116;Nature Clean all in 1;1;0.00;15.90
14.12.2024;13:06:51;MM Solothurn;257;116;CUM +3xPkt.Ges.Sort.;1;0;0
09.12.2024;12:26:26;ALN Passage Sihlquai;254;151;VIE Roggensauerteig;1;0.00;5.50
07.12.2024;12:58:37;MM Solothurn;257;136;Sélec Knobl. schwarz;1;0.80;3.10
07.12.2024;12:58:37;MM Solothurn;257;136;Bananen;0.920;0.00;2.30
07.12.2024;12:58:37;MM Solothurn;257;136;Zwiebeln;1;0.00;1.50
07.12.2024;12:58:37;MM Solothurn;257;136;Knoblauch;1;0.00;0.50
07.12.2024;12:58:37;MM Solothurn;257;136;Äpfel Boskoop;1.875;0.00;6.00
07.12.2024;12:58:37;MM Solothurn;257;136;Karotten;1;0.00;1.30
07.12.2024;12:58:37;MM Solothurn;257;136;Kartoffeln Amandine;1;0.00;4.95
07.12.2024;12:58:37;MM Solothurn;257;136;Butterzopf;1;0.00;3.90
07.12.2024;12:58:37;MM Solothurn;257;136;Sbrinz Bröckli;1;0.00;3.50
07.12.2024;12:58:37;MM Solothurn;257;136;Tête de Moine Rosetten;1;0.00;4.85
07.12.2024;12:58:37;MM Solothurn;257;136;Luzerner Rahmkäse;0.289;1.30;6.80
07.12.2024;12:58:37;MM Solothurn;257;136;MClass Hartkäse rezent;0.305;0.00;5.65
07.12.2024;12:58:37;MM Solothurn;257;136;MBud Camembert;1;0.00;1.80
07.12.2024;12:58:37;MM Solothurn;257;136;Valflora Crème Fraîche;1;0.00;2.85
07.12.2024;12:58:37;MM Solothurn;257;136;Flammkuchenteig;1;0.00;2.65
07.12.2024;12:58:37;MM Solothurn;257;136;Kuchenteig rund;1;0.00;1.70
07.12.2024;12:58:37;MM Solothurn;257;136;Vermicelles fertig;1;0.00;4.90
07.12.2024;12:58:37;MM Solothurn;257;136;Ovo Crunchy Biscuit 3x;1;0.00;9.95
07.12.2024;12:58:37;MM Solothurn;257;136;MClass Haferflöckli;1;0.00;1.50
07.12.2024;12:58:37;MM Solothurn;257;136;Reiswaffeln Schokolade;1;0.00;1.30
07.12.2024;12:58:37;MM Solothurn;257;136;MBud Espresso Bohnen;1;0.00;6.50
07.12.2024;12:58:37;MM Solothurn;257;136;Seeländerli;1;3.05;8.95
07.12.2024;12:58:37;MM Solothurn;257;136;Rippli geräuchert;0.325;0.00;11.05
07.12.2024;12:58:37;MM Solothurn;257;136;Kalbsfleischwurst;1;0.00;2.95
07.12.2024;12:58:37;MM Solothurn;257;136;Appenz. Gewürzschinken;1;0.00;4.95
07.12.2024;12:58:37;MM Solothurn;257;136;MBud Landrauchschinken;1;0.00;3.80
07.12.2024;12:58:37;MM Solothurn;257;136;MBud Mostmöckli;1;0.00;3.95
07.12.2024;12:58:37;MM Solothurn;257;136;Salami Perle Chorizo;1;0.00;4.50
07.12.2024;12:58:37;MM Solothurn;257;136;MBud Bratspeck;0.184;0.00;3.40
07.12.2024;12:58:37;MM Solothurn;257;136;Zweifel Vaya Bean 2x;1;1.90;6.00
07.12.2024;12:58:37;MM Solothurn;257;136;M-Clas Fondue&Raclet;1;0.00;1.85
07.12.2024;12:58:37;MM Solothurn;257;136;M-Clas Gewürznelken;1;0.00;2.10
07.12.2024;12:58:37;MM Solothurn;257;136;Feldschlösschen 6x50cl;2;5.76;17.24
07.12.2024;12:58:37;MM Solothurn;257;136;Potz Backofenreiniger;1;0.00;4.50
07.12.2024;12:58:37;MM Solothurn;257;136;Frey Crémant 55% 3x100;1;0.00;5.55
07.12.2024;12:58:37;MM Solothurn;257;136;LT Excel. Fleur de Sel;1;0.00;3.95
07.12.2024;12:58:37;MM Solothurn;257;136;Coaties Cappu.Mandel;1;0.00;3.95
07.12.2024;12:58:37;MM Solothurn;257;136;Elmex Repair & Prevent;1;2.60;5.35
07.12.2024;12:58:37;MM Solothurn;257;136;Klx Original Quattro;1;3.20;4.80
07.12.2024;12:58:37;MM Solothurn;257;136;Geschenkbeutel;1;2.50;5.00
07.12.2024;12:58:37;MM Solothurn;257;136;CUM +2xPkt.Ges.Sort.;1;0;0
07.12.2024;12:58:37;MM Solothurn;257;136;CUM40% Brotzöpfe;1;0;-1.56
30.11.2024;13:23:44;MM Solothurn;256;91;Kiwi Gold;1;0.00;2.00
30.11.2024;13:23:44;MM Solothurn;256;91;Bio Ingwer;0.072;0.00;0.50
30.11.2024;13:23:44;MM Solothurn;256;91;MBud Zitronen;1;0.00;1.80
30.11.2024;13:23:44;MM Solothurn;256;91;Mango essreif;1;0.00;1.50
30.11.2024;13:23:44;MM Solothurn;256;91;MBud Bananen;0.615;0.00;0.80
30.11.2024;13:23:44;MM Solothurn;256;91;Bio Ingwer;0.109;0.00;0.75
30.11.2024;13:23:44;MM Solothurn;256;91;Nüsslisalat;1;0.00;3.00
30.11.2024;13:23:44;MM Solothurn;256;91;Bio Patatli;1;0.90;1.90
30.11.2024;13:23:44;MM Solothurn;256;91;Butterzopf;1;0.00;3.90
30.11.2024;13:23:44;MM Solothurn;256;91;M-Drink UHT Brik 12x1l;1;0.00;13.85
30.11.2024;13:23:44;MM Solothurn;256;91;Le Gruyère Surchoix;0.150;0.00;3.45
30.11.2024;13:23:44;MM Solothurn;256;91;Saint Agur;1;0.00;3.85
30.11.2024;13:23:44;MM Solothurn;256;91;MBud Mozzarella;1;0.00;2.30
30.11.2024;13:23:44;MM Solothurn;256;91;IPS Weissmehl;1;0.00;2.10
30.11.2024;13:23:44;MM Solothurn;256;91;Margarine Sanissa;1;0.00;5.50
30.11.2024;13:23:44;MM Solothurn;256;91;MClass Mandeln gem+ges;1;0.00;3.80
30.11.2024;13:23:44;MM Solothurn;256;91;MClass Kokosraspel;1;0.00;1.20
30.11.2024;13:23:44;MM Solothurn;256;91;Vanillezucker 4x10g;1;0.00;3.70
30.11.2024;13:23:44;MM Solothurn;256;91;Reiswaffeln Schokolade;1;0.00;1.30
30.11.2024;13:23:44;MM Solothurn;256;91;Eier CH Respeggt;1;0.00;3.90
30.11.2024;13:23:44;MM Solothurn;256;91;Dörrbohnen;1;0.00;4.60
30.11.2024;13:23:44;MM Solothurn;256;91;Seeländerli;2;0.00;8.00
30.11.2024;13:23:44;MM Solothurn;256;91;Cherrytomaten gemischt;1;0.00;3.95
30.11.2024;13:23:44;MM Solothurn;256;91;MClass Eglifilets;0.197;1.77;7.10
30.11.2024;13:23:44;MM Solothurn;256;91;Blévita Gruyère;1;0.00;3.95
30.11.2024;13:23:44;MM Solothurn;256;91;Stimorol Spearmint;1;0.00;4.95
30.11.2024;13:23:44;MM Solothurn;256;91;Zweifel Vaya Bean;1;0.00;3.95
30.11.2024;13:23:44;MM Solothurn;256;91;Flûtes Raclette 130g;1;0.00;3.20
30.11.2024;13:23:44;MM Solothurn;256;91;MClass FT Spargel grün;1;0.00;6.40
30.11.2024;13:23:44;MM Solothurn;256;91;CUM +2xPkt.Ges.Sort.;1;0;0
30.11.2024;13:23:44;MM Solothurn;256;91;CUM40% Zweifel;1;0;-1.58
23.11.2024;13:16:04;MM Solothurn;257;138;Kiwi Gold;1;0.00;2.00
23.11.2024;13:16:04;MM Solothurn;257;138;Mango essreif;1;0.00;1.50
23.11.2024;13:16:04;MM Solothurn;257;138;MBud Bananen;0.846;0.00;1.10
23.11.2024;13:16:04;MM Solothurn;257;138;Blondorangen;1.068;0.00;2.35
23.11.2024;13:16:04;MM Solothurn;257;138;Broccoli;0.547;0.98;1.45
23.11.2024;13:16:04;MM Solothurn;257;138;Knoblauch;1;0.00;0.50
23.11.2024;13:16:04;MM Solothurn;257;138;Tomaten Murice;1;0.00;3.30
23.11.2024;13:16:04;MM Solothurn;257;138;Nüsslisalat;1;0.00;3.00
23.11.2024;13:16:04;MM Solothurn;257;138;Kart. mehligkochend;1;0.00;1.50
23.11.2024;13:16:04;MM Solothurn;257;138;Rotkabis;0.957;0.00;2.20
23.11.2024;13:16:04;MM Solothurn;257;138;M-Drink UHT Brik 12x1l;1;5.95;13.85
23.11.2024;13:16:04;MM Solothurn;257;138;Butterzopf;1;0.00;3.90
23.11.2024;13:16:04;MM Solothurn;257;138;Sbrinz gehobelt;1;0.00;4.40
23.11.2024;13:16:04;MM Solothurn;257;138;Berg Vorzugsbutter;1;0.00;3.25
23.11.2024;13:16:04;MM Solothurn;257;138;Valflora Crème Fraîche;1;0.00;2.85
23.11.2024;13:16:04;MM Solothurn;257;138;Flammkuchenteig;1;0.00;2.80
23.11.2024;13:16:04;MM Solothurn;257;138;MBud Espresso Bohnen;1;0.00;6.50
23.11.2024;13:16:04;MM Solothurn;257;138;Rippli geräuchert;0.388;0.00;13.20
23.11.2024;13:16:04;MM Solothurn;257;138;Seeländerli;2;0.00;8.00
23.11.2024;13:16:04;MM Solothurn;257;138;MBud Bratspeck;0.189;0.00;3.50
23.11.2024;13:16:04;MM Solothurn;257;138;MClass Eglifilets;0.188;2.80;5.65
23.11.2024;13:16:04;MM Solothurn;257;138;Pouletschnitzel;0.291;0.00;9.60
23.11.2024;13:16:04;MM Solothurn;257;138;Rindsvoressen;0.298;0.00;11.90
23.11.2024;13:16:04;MM Solothurn;257;138;Tomatenpüree;1;0.00;0.95
23.11.2024;13:16:04;MM Solothurn;257;138;Condy Knoblauch Kräute;1;0.00;2.90
23.11.2024;13:16:04;MM Solothurn;257;138;Condy Knoblauchgurken;1;0.00;3.30
23.11.2024;13:16:04;MM Solothurn;257;138;Coaties Cappu.Mandel;1;0.00;3.95
23.11.2024;13:16:04;MM Solothurn;257;138;Stimorol Spearmint;1;0.00;4.95
23.11.2024;13:16:04;MM Solothurn;257;138;Zweifel Vaya Bean;1;0.00;3.95
23.11.2024;13:16:04;MM Solothurn;257;138;Granatapfel;1;0.35;0.65
23.11.2024;13:16:04;MM Solothurn;257;138;Bonus-Coupon 2x;1;0;0
23.11.2024;13:16:04;MM Solothurn;257;138;CUM20x Pkt Stimorol;1;0;0
09.11.2024;13:46:46;MM Solothurn;257;151;Kiwi Gold;1;0.00;1.80
09.11.2024;13:46:46;MM Solothurn;257;151;MBud Bananen;1.000;0.00;1.30
09.11.2024;13:46:46;MM Solothurn;257;151;Bohnen;1;1.20;2.40
09.11.2024;13:46:46;MM Solothurn;257;151;Äpfel Boskoop;1.108;0.00;3.60
09.11.2024;13:46:46;MM Solothurn;257;151;Fenchel;0.360;0.00;1.35
09.11.2024;13:46:46;MM Solothurn;257;151;Cherrytomaten gemischt;1;1.70;3.90
09.11.2024;13:46:46;MM Solothurn;257;151;Rosenkohl;1;0.00;2.95
09.11.2024;13:46:46;MM Solothurn;257;151;Butterzopf;1;0.00;3.90
09.11.2024;13:46:46;MM Solothurn;257;151;Sbrinz gehobelt;1;0.00;4.40
09.11.2024;13:46:46;MM Solothurn;257;151;Emilio Grana Padano;0.263;0.92;5.00
09.11.2024;13:46:46;MM Solothurn;257;151;Reiswaffeln Schokolade;1;0.00;1.40
09.11.2024;13:46:46;MM Solothurn;257;151;MBud Bratspeck;0.184;0.00;3.40
09.11.2024;13:46:46;MM Solothurn;257;151;Sélec Rindsfilet;0.166;0.00;19.75
09.11.2024;13:46:46;MM Solothurn;257;151;MClass Eglifilets;0.153;0.00;6.90
09.11.2024;13:46:46;MM Solothurn;257;151;Sirup Pink Grapefruit;1;0.00;3.70
09.11.2024;13:46:46;MM Solothurn;257;151;Zweifel Vaya Bean;1;0.00;3.95
09.11.2024;13:46:46;MM Solothurn;257;151;Blondorangen;0.500;0.00;1.15
09.11.2024;13:46:46;MM Solothurn;257;151;Emilio Tomaten getr.;1;0.00;3.30
09.11.2024;13:46:46;MM Solothurn;257;151;Emilio Carciofi 125g;1;0.00;3.50
09.11.2024;13:46:46;MM Solothurn;257;151;Jowa-Bürli;1;0.00;1.00
02.11.2024;13:13:59;MM Solothurn;257;151;Kiwi Gold;1;0.00;2.00
02.11.2024;13:13:59;MM Solothurn;257;151;MBud Bananen;1.000;0.00;1.30
02.11.2024;13:13:59;MM Solothurn;257;151;Lauch grün;0.384;0.00;1.65
02.11.2024;13:13:59;MM Solothurn;257;151;Federkohl;0.144;0.00;0.95
02.11.2024;13:13:59;MM Solothurn;257;151;Nüsslisalat;1;0.75;2.90
02.11.2024;13:13:59;MM Solothurn;257;151;Butterzopf;1;0.00;3.90
02.11.2024;13:13:59;MM Solothurn;257;151;Höhlengold Bio Racl.;1;0.00;8.70
02.11.2024;13:13:59;MM Solothurn;257;151;Schwarzenburgerli;1;0.00;5.90
02.11.2024;13:13:59;MM Solothurn;257;151;Excellence Nature;2;0.00;2.10
02.11.2024;13:13:59;MM Solothurn;257;151;Berg Vorzugsbutter;1;0.00;3.25
02.11.2024;13:13:59;MM Solothurn;257;151;Kuchenteig rund;1;0.00;1.70
02.11.2024;13:13:59;MM Solothurn;257;151;Reiswaffeln Schokolade;1;0.00;1.40
02.11.2024;13:13:59;MM Solothurn;257;151;Zweifel Vaya Bean&Peas;1;0.00;3.60
02.11.2024;13:13:59;MM Solothurn;257;151;MClass Haferflöckli;1;0.00;1.50
02.11.2024;13:13:59;MM Solothurn;257;151;Rindsvoressen;0.299;0.00;11.95
02.11.2024;13:13:59;MM Solothurn;257;151;Pouletschnitzel;0.343;1.72;9.59
02.11.2024;13:13:59;MM Solothurn;257;151;MClass Entrecôte;0.175;0.00;10.35
02.11.2024;13:13:59;MM Solothurn;257;151;Fenchel;0.333;0.00;1.25
02.11.2024;13:13:59;MM Solothurn;257;151;MBud Spearmint 154g;1;0.00;1.95
02.11.2024;13:13:59;MM Solothurn;257;151;Coaties Cappu.Mandel;1;0.00;3.95
02.11.2024;13:13:59;MM Solothurn;257;151;Zweifel Vaya Bean;1;0.00;3.95
02.11.2024;13:13:59;MM Solothurn;257;151;NC AGSM ALL IN ONE TAB;1;0.00;9.95
02.11.2024;13:13:59;MM Solothurn;257;151;Bonus-Coupon 2x;1;0;0
02.11.2024;13:13:59;MM Solothurn;257;151;CUM20x Pkt Geflügel;1;0;0
26.10.2024;14:31:15;MM Solothurn;251;139;Kiwi Gold;1;0.00;2.50
26.10.2024;14:31:15;MM Solothurn;251;139;Bio Fairtrade Bananen;0.881;0.85;1.75
26.10.2024;14:31:15;MM Solothurn;251;139;Zweifel Vaya Bean;1;0.00;3.95
26.10.2024;14:31:15;MM Solothurn;251;139;Trauben Italia;0.590;0.00;2.30
26.10.2024;14:31:15;MM Solothurn;251;139;Butterzopf;1;0.00;3.90
26.10.2024;14:31:15;MM Solothurn;251;139;MBud getr. Tomaten;1;0.00;1.85
26.10.2024;14:31:15;MM Solothurn;251;139;Äpfel Boskoop;1.242;0.00;4.10
26.10.2024;14:31:15;MM Solothurn;251;139;Bio Kartoffeln mehlig.;1;0.00;2.95
26.10.2024;14:31:15;MM Solothurn;251;139;Vermicelles fertig;1;0.00;4.90
26.10.2024;14:31:15;MM Solothurn;251;139;Schönrieder Mutschli;0.186;0.00;5.30
26.10.2024;14:31:15;MM Solothurn;251;139;Sbrinz gehobelt;1;0.00;4.40
26.10.2024;14:31:15;MM Solothurn;251;139;Eier CH Respeggt;1;0.00;3.90
26.10.2024;14:31:15;MM Solothurn;251;139;Reiswaffeln Schokolade;1;0.00;1.40
26.10.2024;14:31:15;MM Solothurn;251;139;Kuchenteig rund;1;0.00;1.70
26.10.2024;14:31:15;MM Solothurn;251;139;Flammkuchenteig;1;0.00;2.80
26.10.2024;14:31:15;MM Solothurn;251;139;Valflora Crème Fraîche;1;0.00;2.85
26.10.2024;14:31:15;MM Solothurn;251;139;MClass Mayonnaise 265g;1;0.00;1.80
26.10.2024;14:31:15;MM Solothurn;251;139;MClass Pouletschnitzel;0.421;0.00;9.05
26.10.2024;14:31:15;MM Solothurn;251;139;Rindsentrecôte;0.158;0.00;12.50
26.10.2024;14:31:15;MM Solothurn;251;139;Condy Knoblauchgurken;1;0.00;3.30
26.10.2024;14:31:15;MM Solothurn;251;139;Blévita mini Paprika;2;0.00;6.00
26.10.2024;14:31:15;MM Solothurn;251;139;Bonus-Coupon 2x;1;0;0
26.10.2024;14:31:15;MM Solothurn;251;139;CUM20x Pkt Äpfel inkl. Migros-;1;0;0
19.10.2024;13:34:58;MM Solothurn;256;55;Kiwi Gold;1;0.00;2.50
19.10.2024;13:34:58;MM Solothurn;256;55;Trauben Italia;0.731;0.00;2.85
19.10.2024;13:34:58;MM Solothurn;256;55;MBud Bananen;0.962;0.00;1.25
19.10.2024;13:34:58;MM Solothurn;256;55;Broccoli;0.309;0.00;1.70
19.10.2024;13:34:58;MM Solothurn;256;55;Ingwer;0.212;0.40;0.85
19.10.2024;13:34:58;MM Solothurn;256;55;Rispentomaten;0.921;1.69;1.95
19.10.2024;13:34:58;MM Solothurn;256;55;Fenchel;0.583;0.00;2.45
19.10.2024;13:34:58;MM Solothurn;256;55;Blévita Gruyère;1;0.00;3.95
19.10.2024;13:34:58;MM Solothurn;256;55;Nüsslisalat;1;0.00;3.65
19.10.2024;13:34:58;MM Solothurn;256;55;Bio Butterzopf;1;0.00;4.90
19.10.2024;13:34:58;MM Solothurn;256;55;Kuchenteig rund;1;0.00;1.70
19.10.2024;13:34:58;MM Solothurn;256;55;MBud Mascarpone;1;0.00;2.90
19.10.2024;13:34:58;MM Solothurn;256;55;Höhlengold Bio Racl.;1;1.75;6.95
19.10.2024;13:34:58;MM Solothurn;256;55;Berg Vorzugsbutter;1;0.00;3.25
19.10.2024;13:34:58;MM Solothurn;256;55;Vanillezucker 4x10g;1;0.00;3.70
19.10.2024;13:34:58;MM Solothurn;256;55;Reiswaffeln Schokolade;1;0.00;1.40
19.10.2024;13:34:58;MM Solothurn;256;55;MBud Espresso Bohnen;1;0.00;6.00
19.10.2024;13:34:58;MM Solothurn;256;55;Demeter Eier;1;2.25;4.55
19.10.2024;13:34:58;MM Solothurn;256;55;Zwiebeln;1;0.65;1.35
19.10.2024;13:34:58;MM Solothurn;256;55;Seeländerli;1;3.05;8.95
19.10.2024;13:34:58;MM Solothurn;256;55;MBud Bratspeck;0.211;0.00;3.90
19.10.2024;13:34:58;MM Solothurn;256;55;Rindshohrückensteak;0.278;2.78;15.30
19.10.2024;13:34:58;MM Solothurn;256;55;Bio Poulet Schnitzel;0.321;0.00;8.95
19.10.2024;13:34:58;MM Solothurn;256;55;MClass Oaties 150g;1;0.00;2.50
19.10.2024;13:34:58;MM Solothurn;256;55;LT Excel. Fleur de Sel;2;1.40;5.60
19.10.2024;13:34:58;MM Solothurn;256;55;Zweifel Vaya Bean;1;0.00;3.95
19.10.2024;13:34:58;MM Solothurn;256;55;Condy Kapernäpfel fein;1;0.00;2.50
19.10.2024;13:34:58;MM Solothurn;256;55;MBud Frischkäse nature;1;0.00;1.80
19.10.2024;13:34:58;MM Solothurn;256;55;MClass ASC Rauchlachs;1;0.00;5.50
19.10.2024;13:34:58;MM Solothurn;256;55;Zitrone;1;0.00;0.50
19.10.2024;13:34:58;MM Solothurn;256;55;Bonus-Coupon 2x;1;0;0
19.10.2024;13:34:58;MM Solothurn;256;55;CUM20x Pkt Blumenkohl;1;0;0
17.10.2024;16:53:55;M Bahnhof Basel;264;365;M-Budget Müllb. 25l;1;0.00;1.45
17.10.2024;16:53:55;M Bahnhof Basel;264;365;MClass Haferflöckli;1;0.00;1.50
11.10.2024;12:35:54;MMM Langendorf;266;109;MBud Bananen;0.962;0.00;1.25
11.10.2024;12:35:54;MMM Langendorf;266;109;Zitrone;2;0.00;1.00
11.10.2024;12:35:54;MMM Langendorf;266;109;Trauben Italia;0.731;0.00;2.85
11.10.2024;12:35:54;MMM Langendorf;266;109;Minikiwis;1;0.00;5.90
11.10.2024;12:35:54;MMM Langendorf;266;109;Extra Eierschwämme;1;0.00;7.95
11.10.2024;12:35:54;MMM Langendorf;266;109;Knollensellerie;0.406;0.00;1.30
11.10.2024;12:35:54;MMM Langendorf;266;109;Bio Kartoffeln mehlig.;1;0.00;2.95
11.10.2024;12:35:54;MMM Langendorf;266;109;Rotkabis;0.920;0.00;2.30
11.10.2024;12:35:54;MMM Langendorf;266;109;Microgr. Querbeet-Mix;1;0.00;3.80
11.10.2024;12:35:54;MMM Langendorf;266;109;Dill;1;0.00;2.10
11.10.2024;12:35:54;MMM Langendorf;266;109;Blondorangen;0.413;0.00;0.95
11.10.2024;12:35:54;MMM Langendorf;266;109;Knoblauch;1;0.00;0.50
11.10.2024;12:35:54;MMM Langendorf;266;109;Nüsslisalat;1;0.00;3.80
11.10.2024;12:35:54;MMM Langendorf;266;109;MBud Blätterteig;1;0.00;2.70
11.10.2024;12:35:54;MMM Langendorf;266;109;Kuchenteig rund;1;0.00;1.70
11.10.2024;12:35:54;MMM Langendorf;266;109;Solothurner Eier 53g+;1;0.00;3.95
11.10.2024;12:35:54;MMM Langendorf;266;109;MBud Mascarpone;1;0.00;2.90
11.10.2024;12:35:54;MMM Langendorf;266;109;MBud Cottage Cheese;1;0.00;4.05
11.10.2024;12:35:54;MMM Langendorf;266;109;MClass Kastanien glas;1;0.00;5.50
11.10.2024;12:35:54;MMM Langendorf;266;109;Lenker Bleu;0.092;0.00;3.60
11.10.2024;12:35:54;MMM Langendorf;266;109;Entenbrust;0.435;0.00;17.20
11.10.2024;12:35:54;MMM Langendorf;266;109;Entenbrust;0.430;0.00;17.00
11.10.2024;12:35:54;MMM Langendorf;266;109;MSC Jakobsnüsse;0.338;0.00;26.70
11.10.2024;12:35:54;MMM Langendorf;266;109;Berg Vorzugsbutter;1;0.00;3.25
11.10.2024;12:35:54;MMM Langendorf;266;109;Valflora Vollrahm;1;0.00;4.40
11.10.2024;12:35:54;MMM Langendorf;266;109;Lacroix Kalbs-Fond;1;0.00;5.95
11.10.2024;12:35:54;MMM Langendorf;266;109;Zweifel Vaya Bean;1;0.00;3.95
11.10.2024;12:35:54;MMM Langendorf;266;109;Kokosnussmilch;1;0.00;2.65
11.10.2024;12:35:54;MMM Langendorf;266;109;MClass mit 10% Butter;1;0.00;5.95
11.10.2024;12:35:54;MMM Langendorf;266;109;Rotweinessig;1;0.00;1.45
11.10.2024;12:35:54;MMM Langendorf;266;109;Bratpfanne Pro ø28cm;1;20.99;48.96
11.10.2024;12:35:54;MMM Langendorf;266;109;Elmex Repair & Prevent;1;0.00;7.95
11.10.2024;12:35:54;MMM Langendorf;266;109;CUMULUS BON 20.-;0;0;-20.00
11.10.2024;12:35:54;MMM Langendorf;266;109;CUMULUS BON 5.-;0;0;-5.00
11.10.2024;12:35:54;MMM Langendorf;266;109;CUMULUS BON 5.-;0;0;-5.00
11.10.2024;12:35:54;MMM Langendorf;266;109;CUMULUS BON 5.-;0;0;-5.00
11.10.2024;12:35:54;MMM Langendorf;266;109;CUMULUS BON 5.-;0;0;-5.00
11.10.2024;12:35:54;MMM Langendorf;266;109;CUMULUS BON 5.-;0;0;-5.00
11.10.2024;12:35:54;MMM Langendorf;266;109;CUMULUS BON 5.-;0;0;-5.00
11.10.2024;12:35:54;MMM Langendorf;266;109;CUMULUS BON 5.-;0;0;-5.00
11.10.2024;12:35:54;MMM Langendorf;266;109;Bonus-Coupon 2x;1;0;0
28.09.2024;13:57:22;MM Solothurn;257;117;Tomaten Peretti;0.500;0.80;1.45
28.09.2024;13:57:22;MM Solothurn;257;117;Bananen;0.526;0.32;1.00
28.09.2024;13:57:22;MM Solothurn;257;117;Peperoni gemischt;1;0.00;1.75
28.09.2024;13:57:22;MM Solothurn;257;117;Zwiebeln;1;0.00;2.00
28.09.2024;13:57:22;MM Solothurn;257;117;Butterzopf;1;0.00;2.50
28.09.2024;13:57:22;MM Solothurn;257;117;MBud Mascarpone;1;0.00;2.90
28.09.2024;13:57:22;MM Solothurn;257;117;Schönrieder Mutschli;0.175;0.00;5.00
28.09.2024;13:57:22;MM Solothurn;257;117;M-Drink UHT Brik 12x1l;1;3.00;16.80
28.09.2024;13:57:22;MM Solothurn;257;117;Excellence Nature;2;0.00;2.10
28.09.2024;13:57:22;MM Solothurn;257;117;Valflora Crème Fraîche;1;0.00;2.85
28.09.2024;13:57:22;MM Solothurn;257;117;MClass Joghurt Nature;2;0.00;1.00
28.09.2024;13:57:22;MM Solothurn;257;117;Eier CH Respeggt;1;0.00;3.90
28.09.2024;13:57:22;MM Solothurn;257;117;Reiswaffeln Schokolade;1;0.00;1.40
28.09.2024;13:57:22;MM Solothurn;257;117;Speckwürfeli;1;0.00;3.50
28.09.2024;13:57:22;MM Solothurn;257;117;MClass Safran gemahlen;1;0.00;3.30
28.09.2024;13:57:22;MM Solothurn;257;117;Hummus nature;1;0.00;4.95
28.09.2024;13:57:22;MM Solothurn;257;117;Optigal Pouletspiessli;0.299;0.00;10.90
28.09.2024;13:57:22;MM Solothurn;257;117;LT Lindor Blutorange;1;0.00;10.95
28.09.2024;13:57:22;MM Solothurn;257;117;Biotta Bio Randensaft;1;0.00;2.90
28.09.2024;13:57:22;MM Solothurn;257;117;Emilio Carciofi 125g;1;0.00;3.50
28.09.2024;13:57:22;MM Solothurn;257;117;Zweifel Vaya Bean;1;0.00;3.95
28.09.2024;13:57:22;MM Solothurn;257;117;Sélec Trauben Italia;0.800;1.45;2.95
28.09.2024;13:57:22;MM Solothurn;257;117;Vanillezucker 4x10g;1;0.00;3.70
28.09.2024;13:57:22;MM Solothurn;257;117;Soft Comf.Recycling30x;1;6.10;13.75
28.09.2024;13:57:22;MM Solothurn;257;117;Klx Original Quattro;1;3.20;4.80
28.09.2024;13:57:22;MM Solothurn;257;117;Bonus-Coupon 2x;1;0;0
28.09.2024;13:57:22;MM Solothurn;257;117;CUM20x Pkt Patissier Sort.;1;0;0
26.09.2024;09:01:35;M Passage Sihlquai;252;179;Blévita Gruyère;1;0.00;3.95
26.09.2024;09:01:35;M Passage Sihlquai;252;179;CUM +3xPkt.Ges.Sort.;1;0;0
21.09.2024;13:52:12;MM Solothurn;257;153;Trauben Italia;1.410;0.00;5.50
21.09.2024;13:52:12;MM Solothurn;257;153;Kiwi Gold;1;0.00;2.50
21.09.2024;13:52:12;MM Solothurn;257;153;MBud Bananen;0.731;0.00;0.95
21.09.2024;13:52:12;MM Solothurn;257;153;Blévita Gruyère;1;0.00;3.95
21.09.2024;13:52:12;MM Solothurn;257;153;Bohnen;1;0.00;3.95
21.09.2024;13:52:12;MM Solothurn;257;153;MBud Eisbergsalat;1;0.00;1.60
21.09.2024;13:52:12;MM Solothurn;257;153;Vermicelles-Becher;1;0.00;3.40
21.09.2024;13:52:12;MM Solothurn;257;153;Butterzopf;1;0.00;3.90
21.09.2024;13:52:12;MM Solothurn;257;153;Schönrieder Mutschli;0.204;0.00;5.80
21.09.2024;13:52:12;MM Solothurn;257;153;Emmentaler mild;0.279;0.00;4.75
21.09.2024;13:52:12;MM Solothurn;257;153;Sbrinz gehobelt;1;0.00;4.40
21.09.2024;13:52:12;MM Solothurn;257;153;Kuchenteig rund;1;0.00;1.70
21.09.2024;13:52:12;MM Solothurn;257;153;Reiswaffeln Schokolade;1;0.00;1.40
21.09.2024;13:52:12;MM Solothurn;257;153;MBud Espresso Bohnen;1;0.00;6.00
21.09.2024;13:52:12;MM Solothurn;257;153;MClass Lamm Racks;0.348;8.63;11.20
21.09.2024;13:52:12;MM Solothurn;257;153;Tomatenpüree;1;0.00;0.95
21.09.2024;13:52:12;MM Solothurn;257;153;Optigal Pouletspiessli;0.251;0.00;9.15
21.09.2024;13:52:12;MM Solothurn;257;153;Feldschlösschen o.Alk.;1;16.05;31.95
21.09.2024;13:52:12;MM Solothurn;257;153;Zweifel Vaya Bean;1;0.00;3.95
21.09.2024;13:52:12;MM Solothurn;257;153;LT Excel. Fleur de Sel;1;0.00;3.50
21.09.2024;13:52:12;MM Solothurn;257;153;Miobrill Schwämme;1;0.00;2.40
21.09.2024;13:52:12;MM Solothurn;257;153;Potz Calc;1;0.00;5.80
21.09.2024;13:52:12;MM Solothurn;257;153;HM Regeneriersalz;1;0.00;1.10
21.09.2024;13:52:12;MM Solothurn;257;153;MF Universaltücher 10;1;0.00;5.00
21.09.2024;13:52:12;MM Solothurn;257;153;Acti Magnesium Zitrone;2;0.00;11.90
21.09.2024;13:52:12;MM Solothurn;257;153;Wagyu Burger 2x125g;1;0.00;11.50
21.09.2024;13:52:12;MM Solothurn;257;153;MClass Ofen Frites;1;0.00;2.95
21.09.2024;13:52:12;MM Solothurn;257;153;Flammkuchenteig;1;0.00;2.80
07.09.2024;11:46:02;MM Solothurn;257;75;Bohnen;1;2.10;3.80
07.09.2024;11:46:02;MM Solothurn;257;75;MBud Bananen;0.692;0.00;0.90
07.09.2024;11:46:02;MM Solothurn;257;75;Trauben Italia;0.741;1.33;2.00
07.09.2024;11:46:02;MM Solothurn;257;75;Broccoli;0.481;0.00;2.60
07.09.2024;11:46:02;MM Solothurn;257;75;Bio Kartoffeln mehlig.;1;0.00;3.45
07.09.2024;11:46:02;MM Solothurn;257;75;Butterzopf;1;0.00;3.90
07.09.2024;11:46:02;MM Solothurn;257;75;Schmelzkäse Gruyère;1;0.00;2.95
07.09.2024;11:46:02;MM Solothurn;257;75;MBud Eisbergsalat;1;0.00;1.80
07.09.2024;11:46:02;MM Solothurn;257;75;Emmental surchoix;0.254;0.89;4.45
07.09.2024;11:46:02;MM Solothurn;257;75;Alfredo Mozzarella;1;0.00;1.65
07.09.2024;11:46:02;MM Solothurn;257;75;Excellence Nature;2;0.00;2.10
07.09.2024;11:46:02;MM Solothurn;257;75;Valflora Halbrahm Dose;1;0.00;4.00
07.09.2024;11:46:02;MM Solothurn;257;75;Flammkuchenteig;1;0.00;2.80
07.09.2024;11:46:02;MM Solothurn;257;75;Valflora Crème Fraîche;1;0.00;2.85
07.09.2024;11:46:02;MM Solothurn;257;75;Klostergarten Brusttee;1;0.00;2.95
07.09.2024;11:46:02;MM Solothurn;257;75;Sélec Entrecôte;0.188;6.50;13.25
07.09.2024;11:46:02;MM Solothurn;257;75;JuraSel Tafelsalz Jod;1;0.00;0.90
07.09.2024;11:46:02;MM Solothurn;257;75;MBud Bratspeck;0.154;0.00;2.85
07.09.2024;11:46:02;MM Solothurn;257;75;G'nuine Zero 700ml;1;0.00;24.95
07.09.2024;11:46:02;MM Solothurn;257;75;NON Lager 6x50cl;1;0.00;10.95
07.09.2024;11:46:02;MM Solothurn;257;75;Zweifel Vaya Bean;1;0.00;3.95
07.09.2024;11:46:02;MM Solothurn;257;75;Wagyu Burger 2x125g;1;0.00;11.50
07.09.2024;11:46:02;MM Solothurn;257;75;Bonus-Coupon 2x;1;0;0
07.09.2024;11:46:02;MM Solothurn;257;75;CUM10x Pkt Bier NON;1;0;0
07.09.2024;11:46:02;MM Solothurn;257;75;CUM10x Pkt Zweifel;1;0;0
02.09.2024;15:31:04;MMM Langendorf;267;78;Bananen;0.680;0.00;1.70
02.09.2024;15:31:04;MMM Langendorf;267;78;Pfirsiche flach;0.514;0.00;1.80
02.09.2024;15:31:04;MMM Langendorf;267;78;Äpfel Gravensteiner;1.132;0.00;4.30
02.09.2024;15:31:04;MMM Langendorf;267;78;Gurke;1;0.00;1.80
02.09.2024;15:31:04;MMM Langendorf;267;78;Zwiebeln;1;0.00;2.00
02.09.2024;15:31:04;MMM Langendorf;267;78;MBud Blätterteig;1;0.00;2.70
02.09.2024;15:31:04;MMM Langendorf;267;78;Kuchenteig rund;2;0.00;3.40
02.09.2024;15:31:04;MMM Langendorf;267;78;Champignons braun;1;0.50;1.90
02.09.2024;15:31:04;MMM Langendorf;267;78;Hummus nature 200g;1;0.00;3.80
02.09.2024;15:31:04;MMM Langendorf;267;78;MClass Hackfleisch;0.304;2.74;3.95
02.09.2024;15:31:04;MMM Langendorf;267;78;Olma Bratwurst;1;0.00;3.95
02.09.2024;15:31:04;MMM Langendorf;267;78;Schönrieder Mutschli;0.216;0.00;6.15
02.09.2024;15:31:04;MMM Langendorf;267;78;Gorgonzola reale;0.126;0.00;4.30
02.09.2024;15:31:04;MMM Langendorf;267;78;Lenker Bleu;0.104;0.00;4.05
02.09.2024;15:31:04;MMM Langendorf;267;78;Bratspeck;0.127;0.00;4.45
02.09.2024;15:31:04;MMM Langendorf;267;78;Pouletspiessli;0.323;0.00;11.80
02.09.2024;15:31:04;MMM Langendorf;267;78;Berg Vorzugsbutter;1;0.00;3.25
02.09.2024;15:31:04;MMM Langendorf;267;78;Solothurner Eier 53g+;1;0.00;3.95
02.09.2024;15:31:04;MMM Langendorf;267;78;MBud Cottage Cheese;1;0.00;4.35
02.09.2024;15:31:04;MMM Langendorf;267;78;MClass HotCheesy Steak;2;0.00;11.40
02.09.2024;15:31:04;MMM Langendorf;267;78;MBud Mozzarella;1;0.00;1.90
02.09.2024;15:31:04;MMM Langendorf;267;78;Reiswaffeln Schokolade;3;1.20;2.40
02.09.2024;15:31:04;MMM Langendorf;267;78;MClass Haferflöckli;1;0.00;1.50
02.09.2024;15:31:04;MMM Langendorf;267;78;MBud Kräuter aux Herb;1;0.00;1.00
02.09.2024;15:31:04;MMM Langendorf;267;78;MBud Zitronenmelisse;1;0.00;1.00
02.09.2024;15:31:04;MMM Langendorf;267;78;Blévita Gruyère;1;0.00;3.95
02.09.2024;15:31:04;MMM Langendorf;267;78;Caruso Espr. gemahlen;1;0.00;4.95
02.09.2024;15:31:04;MMM Langendorf;267;78;Einmachglas 0.25L;1;0.00;7.50
02.09.2024;15:31:04;MMM Langendorf;267;78;CUM +3xPkt.Ges.Sort.;1;0;0
02.09.2024;14:48:44;D+G Langendorf;044;222;LEIA Badematte;1;0.00;34.95
02.09.2024;14:48:44;D+G Langendorf;044;222;Salatbesteck MI CASA;2;0.00;33.90
02.09.2024;14:48:44;D+G Langendorf;044;222;AUSPRESSPISTOLE;1;0.00;3.00
02.09.2024;14:48:44;D+G Langendorf;044;222;2-TLG. SET EINMACHTRIC;1;2.39;9.56
02.09.2024;14:48:44;D+G Langendorf;044;222;MI CASA ES SU CASA Küc;2;0.00;25.90
02.09.2024;14:48:44;D+G Langendorf;044;222;MI CASA ES SU CASA Küc;2;0.00;25.90
02.09.2024;14:48:44;D+G Langendorf;044;222;Reinigungsschwämme;1;0.00;2.50
02.09.2024;14:48:44;D+G Langendorf;044;222;Reinigungsschwämme;1;0.00;2.50
02.09.2024;14:48:44;D+G Langendorf;044;222;Umhängebeutel EM24;2;7.00;6.90
02.09.2024;14:48:44;D+G Langendorf;044;222;TISCH LICHT 3ER SET MI;2;6.96;6.94
02.09.2024;14:48:44;D+G Langendorf;044;222;Flasche Schweiz;2;10.00;9.90
02.09.2024;14:48:44;D+G Langendorf;044;222;Tasse Schweiz;2;5.00;4.90
02.09.2024;14:48:44;D+G Langendorf;044;222;Bonus-Coupon 2x;1;0;0
02.09.2024;14:48:44;D+G Langendorf;044;222;MIC-20% Rabatt;1;0;-6.99
02.09.2024;14:48:44;D+G Langendorf;044;222;CUM_-10% Do it Sort;1;0;-16.69
16.08.2024;17:58:08;M Clarens;256;149;Cake financier;1;0.00;3.80
16.08.2024;17:58:08;M Clarens;256;149;MClass filet saumon;0.213;2.66;10.55
16.08.2024;17:58:08;M Clarens;256;149;MClass filet saumon;0.208;2.60;10.30
16.08.2024;17:58:08;M Clarens;256;149;MClass filet saumon;0.207;2.59;10.25
16.08.2024;17:58:08;M Clarens;256;149;Alfredo Mozzarella;1;0.00;2.85
10.08.2024;15:14:21;MM Solothurn;251;162;MBud Tomaten;1;0.00;2.95
10.08.2024;15:14:21;MM Solothurn;251;162;Champignons braun;1;0.00;2.40
10.08.2024;15:14:21;MM Solothurn;251;162;MBud Bananen;0.769;0.00;1.00
10.08.2024;15:14:21;MM Solothurn;251;162;Gurke;1;0.00;1.70
10.08.2024;15:14:21;MM Solothurn;251;162;Peperoni gemischt;1;0.00;2.20
10.08.2024;15:14:21;MM Solothurn;251;162;Äpfel Gravensteiner;1.724;0.00;6.55
10.08.2024;15:14:21;MM Solothurn;251;162;Butterzopf;1;0.00;3.90
10.08.2024;15:14:21;MM Solothurn;251;162;Schönrieder Mutschli;0.195;0.00;5.55
10.08.2024;15:14:21;MM Solothurn;251;162;Gstaader Mutschli;0.216;0.00;6.15
10.08.2024;15:14:21;MM Solothurn;251;162;Alfredo Mozzarella;1;0.00;1.65
10.08.2024;15:14:21;MM Solothurn;251;162;MBud Cottage Cheese;1;0.00;4.35
10.08.2024;15:14:21;MM Solothurn;251;162;Taverna Halloumi 250g;1;0.00;4.80
10.08.2024;15:14:21;MM Solothurn;251;162;Emilio Grana Padano;0.261;0.91;4.95
10.08.2024;15:14:21;MM Solothurn;251;162;MClass FT Rohzucker ge;1;0.00;2.70
10.08.2024;15:14:21;MM Solothurn;251;162;Sélec Aceto Balsamico;1;0.00;18.95
10.08.2024;15:14:21;MM Solothurn;251;162;Ponti Aceto Balsamico;1;0.00;4.80
10.08.2024;15:14:21;MM Solothurn;251;162;Reiswaffeln Schokolade;2;0.00;2.40
10.08.2024;15:14:21;MM Solothurn;251;162;MClass Haferflöckli;1;0.00;1.50
10.08.2024;15:14:21;MM Solothurn;251;162;MClass Dorade royal;0.340;2.70;5.45
10.08.2024;15:14:21;MM Solothurn;251;162;MClass Dorade royal;0.283;2.25;4.55
10.08.2024;15:14:21;MM Solothurn;251;162;JuraSel Tafelsalz Jod;1;0.00;0.90
10.08.2024;15:14:21;MM Solothurn;251;162;Olma Bratwurst;2;0.00;7.90
10.08.2024;15:14:21;MM Solothurn;251;162;Optigal Pouletspiessli;0.219;0.00;8.00
10.08.2024;15:14:21;MM Solothurn;251;162;Zweifel Vaya Bean;1;0.00;3.95
10.08.2024;15:14:21;MM Solothurn;251;162;F Noir Special 6x100g;1;0.00;9.00
10.08.2024;15:14:21;MM Solothurn;251;162;Demeter Zitrone;1;0.00;0.50
10.08.2024;15:14:21;MM Solothurn;251;162;Condy Knoblauchgurken;1;0.00;3.30
10.08.2024;15:14:21;MM Solothurn;251;162;Blévita mini Paprika;2;0.00;6.00
10.08.2024;15:14:21;MM Solothurn;251;162;CR2032 Twinpack;1;0.00;8.95
10.08.2024;15:14:21;MM Solothurn;251;162;NC Zitrone 500ml;1;0.00;2.95
10.08.2024;15:14:21;MM Solothurn;251;162;N°2 Druck-Beutel;1;0.00;1.95
10.08.2024;15:14:21;MM Solothurn;251;162;Bonus-Coupon 2x;1;0;0
08.08.2024;16:23:22;M Passage Sihlquai;256;229;MClass Mandeln;2;0.00;6.40
08.08.2024;16:23:22;M Passage Sihlquai;256;229;Die Butter 250g;2;0.00;7.90
08.08.2024;16:23:22;M Passage Sihlquai;256;229;Rispentomaten;1.333;0.00;5.60
08.08.2024;16:23:22;M Passage Sihlquai;256;229;Aproz Classic 50cl;1;0.00;0.75
25.07.2024;15:55:00;ALN Passage Sihlquai;257;224;VIE Roggensauerteig;1;0.00;5.50
22.07.2024;16:51:39;ALN Passage Sihlquai;254;179;VIE Roggensauerteig;2;0.00;11.00
22.07.2024;16:51:39;ALN Passage Sihlquai;254;179;VIE Roggensauerteig;-2;0.00;-11.00
22.07.2024;16:51:39;ALN Passage Sihlquai;254;179;VIE Roggensauerteig;1;0.00;5.50
20.07.2024;12:31:54;MM Solothurn;257;117;MBud Tomaten;1;0.00;2.95
20.07.2024;12:31:54;MM Solothurn;257;117;Heidelbeeren;1;0.00;5.50
20.07.2024;12:31:54;MM Solothurn;257;117;Cherrytomaten gemischt;1;0.00;5.50
20.07.2024;12:31:54;MM Solothurn;257;117;Champignons Grilletto;1;0.00;4.50
20.07.2024;12:31:54;MM Solothurn;257;117;Pfirsiche flach;0.759;0.00;3.00
20.07.2024;12:31:54;MM Solothurn;257;117;MBud Bananen;0.615;0.00;0.80
20.07.2024;12:31:54;MM Solothurn;257;117;Gurke;1;0.00;1.75
20.07.2024;12:31:54;MM Solothurn;257;117;Frühkartoffeln;0.583;0.00;1.40
20.07.2024;12:31:54;MM Solothurn;257;117;MBud Peperoni;1;0.00;1.30
20.07.2024;12:31:54;MM Solothurn;257;117;Radieschen;1;0.00;1.60
20.07.2024;12:31:54;MM Solothurn;257;117;Bohnen;1;0.00;4.70
20.07.2024;12:31:54;MM Solothurn;257;117;Schönrieder Mutschli;0.177;0.00;5.05
20.07.2024;12:31:54;MM Solothurn;257;117;Sélec Mini Burrata;1;0.00;5.80
20.07.2024;12:31:54;MM Solothurn;257;117;Alfredo Mozzarelline;1;0.00;2.50
20.07.2024;12:31:54;MM Solothurn;257;117;Gruyère Reibkäse;1;1.65;6.45
20.07.2024;12:31:54;MM Solothurn;257;117;Berg Vorzugsbutter;1;0.00;3.25
20.07.2024;12:31:54;MM Solothurn;257;117;MBud Mandeln;1;0.00;3.00
20.07.2024;12:31:54;MM Solothurn;257;117;Reiswaffeln Schokolade;1;0.00;1.20
20.07.2024;12:31:54;MM Solothurn;257;117;MClass Kuchenteig;1;0.00;1.70
20.07.2024;12:31:54;MM Solothurn;257;117;MClass Haferflöckli;2;0.00;3.00
20.07.2024;12:31:54;MM Solothurn;257;117;Olma Bratwurst;1;0.00;3.95
20.07.2024;12:31:54;MM Solothurn;257;117;Rinds-Bratwurst;1;0.00;4.90
20.07.2024;12:31:54;MM Solothurn;257;117;MClass Lamm Racks;0.438;7.95;16.15
20.07.2024;12:31:54;MM Solothurn;257;117;Gazi Halloumi;1;0.00;4.95
20.07.2024;12:31:54;MM Solothurn;257;117;Blévita mini Paprika;2;0.00;6.00
20.07.2024;12:31:54;MM Solothurn;257;117;Zweifel Vaya Bean;1;0.00;3.95
20.07.2024;12:31:54;MM Solothurn;257;117;SchweppesTonic&Hibisk.;1;0.00;7.80
20.07.2024;12:31:54;MM Solothurn;257;117;NON Lager 6x50cl;1;0.00;10.95
20.07.2024;12:31:54;MM Solothurn;257;117;Optimum Mü-/Flie.stopp;1;0.00;5.50
20.07.2024;12:31:54;MM Solothurn;257;117;HM Regeneriersalz;1;0.00;1.10
20.07.2024;12:31:54;MM Solothurn;257;117;Bonus-Coupon 2x;1;0;0
20.07.2024;12:31:54;MM Solothurn;257;117;CUM +3xPkt.Ges.Sort.;1;0;0
20.07.2024;12:31:54;MM Solothurn;257;117;CUM10x Pkt Käse;1;0;0
20.07.2024;10:48:21;D+G MParc Langenthal;001;95;ST. Telescopic Hydro C;1;0.00;79.95
20.07.2024;10:48:21;D+G MParc Langenthal;001;95;CUM_-10% Do it Sort;1;0;-8.00
18.07.2024;17:20:39;M Passage Sihlquai;258;445;Al Fez Oriental Bread;1;0.00;2.90
18.07.2024;17:20:39;M Passage Sihlquai;258;445;Gazi Halloumi;1;0.00;4.95
06.07.2024;13:59:24;MM Solothurn;256;97;Extra Kirschen;0.189;1.04;1.80
06.07.2024;13:59:24;MM Solothurn;256;97;Cherrytomaten gemischt;1;0.00;5.50
06.07.2024;13:59:24;MM Solothurn;256;97;Bio Heidelbeeren;0.203;0.00;3.75
06.07.2024;13:59:24;MM Solothurn;256;97;Pfirsiche flach;0.506;0.00;2.00
06.07.2024;13:59:24;MM Solothurn;256;97;MBud Bananen;0.654;0.00;0.85
06.07.2024;13:59:24;MM Solothurn;256;97;Karotten;1;0.00;2.30
06.07.2024;13:59:24;MM Solothurn;256;97;Birnen Abate Fetel;0.670;0.00;2.95
06.07.2024;13:59:24;MM Solothurn;256;97;Radieschen;1;0.00;1.60
06.07.2024;13:59:24;MM Solothurn;256;97;Sélec Schokokuchen;1;1.80;7.15
06.07.2024;13:59:24;MM Solothurn;256;97;Butterzopf;1;0.00;3.90
06.07.2024;13:59:24;MM Solothurn;256;97;Bio Roggenbrot;1;0.00;3.95
06.07.2024;13:59:24;MM Solothurn;256;97;Vollkorn-Landbrot;1;0.00;3.50
06.07.2024;13:59:24;MM Solothurn;256;97;MBud Blätterteig;1;0.00;2.70
06.07.2024;13:59:24;MM Solothurn;256;97;Sélec Mini Burrata;1;0.00;5.80
06.07.2024;13:59:24;MM Solothurn;256;97;M-Drink UHT Brik 12x1l;1;0.00;16.30
06.07.2024;13:59:24;MM Solothurn;256;97;MBud Cottage Cheese;1;0.00;4.10
06.07.2024;13:59:24;MM Solothurn;256;97;Reiswaffeln Schokolade;1;0.00;1.20
06.07.2024;13:59:24;MM Solothurn;256;97;MClass Haferflöckli;1;0.00;1.50
06.07.2024;13:59:24;MM Solothurn;256;97;Rinds-Bratwurst;1;0.00;4.90
06.07.2024;13:59:24;MM Solothurn;256;97;Pouletspiessli;0.295;0.00;10.75
06.07.2024;13:59:24;MM Solothurn;256;97;NON Lager 6x50cl;1;0.00;10.95
06.07.2024;13:59:24;MM Solothurn;256;97;Blévita Gruyère;1;0.00;3.95
06.07.2024;13:59:24;MM Solothurn;256;97;Blévita mini Paprika;2;0.00;6.00
05.07.2024;14:17:46;MM Solothurn;252;49;Zweifel Vaya Bean;1;0.00;3.95
05.07.2024;14:17:46;MM Solothurn;252;49;Valflora Vollrahm UHT;1;0.00;3.45
05.07.2024;14:17:46;MM Solothurn;252;49;Sun Queen Walnusskerne;1;0.00;3.70
05.07.2024;14:17:46;MM Solothurn;252;49;Valflora saurer Halbr.;1;0.00;1.65
05.07.2024;14:17:46;MM Solothurn;252;49;Frühkartoffeln;1;0.95;2.95
05.07.2024;14:17:46;MM Solothurn;252;49;Erdbeeren;1;1.55;4.95
29.06.2024;15:58:37;MM Solothurn;257;170;Heidelbeeren;1;1.55;3.95
29.06.2024;15:58:37;MM Solothurn;257;170;MBud Bananen;0.731;0.00;0.95
29.06.2024;15:58:37;MM Solothurn;257;170;Äpfel Braeburn;1.088;0.00;3.70
29.06.2024;15:58:37;MM Solothurn;257;170;Broccoli;0.436;0.00;2.40
29.06.2024;15:58:37;MM Solothurn;257;170;Tomaten Aromatico;1;0.00;3.60
29.06.2024;15:58:37;MM Solothurn;257;170;Extra T. Sweet Cherry;0.215;0.75;2.80
29.06.2024;15:58:37;MM Solothurn;257;170;Butterzopf;1;0.00;3.90
29.06.2024;15:58:37;MM Solothurn;257;170;Stockhornmutschli;0.193;0.00;5.80
29.06.2024;15:58:37;MM Solothurn;257;170;Emmentaler mild;0.221;0.00;3.75
29.06.2024;15:58:37;MM Solothurn;257;170;Sélec Burrata;1;0.00;4.10
29.06.2024;15:58:37;MM Solothurn;257;170;Alfredo Mozzarelline;1;0.00;2.50
29.06.2024;15:58:37;MM Solothurn;257;170;Saint Agur;1;0.00;3.75
29.06.2024;15:58:37;MM Solothurn;257;170;Drei Seen Käse;0.169;0.00;5.25
29.06.2024;15:58:37;MM Solothurn;257;170;Charmeur;0.208;0.00;6.85
29.06.2024;15:58:37;MM Solothurn;257;170;Valflora Vorzugsbutter;1;0.00;1.90
29.06.2024;15:58:37;MM Solothurn;257;170;Eier CH Respeggt;1;0.00;3.90
29.06.2024;15:58:37;MM Solothurn;257;170;Olma Bratwurst;1;2.90;8.95
29.06.2024;15:58:37;MM Solothurn;257;170;Rindshohrücken;0.205;2.05;11.30
29.06.2024;15:58:37;MM Solothurn;257;170;Rindshohrücken;0.220;2.20;12.10
29.06.2024;15:58:37;MM Solothurn;257;170;Zweifel Vaya Bean;1;0.00;3.95
29.06.2024;15:58:37;MM Solothurn;257;170;MBud Eisbergsalat;1;0.60;1.20
29.06.2024;15:58:37;MM Solothurn;257;170;Fairtrade Bananen mini;1;1.05;2.15
29.06.2024;15:58:37;MM Solothurn;257;170;Pfirsich gelbfleischig;0.447;0.55;1.15
29.06.2024;15:58:37;MM Solothurn;257;170;MNY VAO Strong 08;1;0.00;11.95
29.06.2024;15:58:37;MM Solothurn;257;170;Molfina Micro;1;0.00;2.70
29.06.2024;15:58:37;MM Solothurn;257;170;Bonus-Coupon 2x;1;0;0
22.06.2024;13:37:08;MM Solothurn;257;131;Bio Heidelbeeren;1;1.25;3.70
22.06.2024;13:37:08;MM Solothurn;257;131;Erdbeeren;1;0.00;6.50
22.06.2024;13:37:08;MM Solothurn;257;131;Pfirsich gelbfleischig;0.632;0.00;2.40
22.06.2024;13:37:08;MM Solothurn;257;131;MBud Bananen;0.692;0.00;0.90
22.06.2024;13:37:08;MM Solothurn;257;131;Äpfel Diwa;0.949;0.00;3.75
22.06.2024;13:37:08;MM Solothurn;257;131;Broccoli;0.382;0.00;2.10
22.06.2024;13:37:08;MM Solothurn;257;131;Kart.mehligkochend;1;0.00;2.00
22.06.2024;13:37:08;MM Solothurn;257;131;Sélec Mini Burrata;1;0.00;5.80
22.06.2024;13:37:08;MM Solothurn;257;131;MBud Cottage Cheese;1;0.00;4.10
22.06.2024;13:37:08;MM Solothurn;257;131;Reiswaffeln Schokolade;1;0.00;1.20
22.06.2024;13:37:08;MM Solothurn;257;131;MBud Espresso Bohnen;1;0.00;6.95
22.06.2024;13:37:08;MM Solothurn;257;131;MClass Lamm Racks;0.372;3.16;17.30
22.06.2024;13:37:08;MM Solothurn;257;131;Rindshohrückensteak;0.218;0.00;14.15
22.06.2024;13:37:08;MM Solothurn;257;131;MClass Senf scharf;1;0.00;1.25
22.06.2024;13:37:08;MM Solothurn;257;131;NON Lager 6x50cl;1;0.00;10.95
22.06.2024;13:37:08;MM Solothurn;257;131;Zweifel Vaya Bean;1;0.00;3.95
22.06.2024;13:37:08;MM Solothurn;257;131;CR2032 Twinpack;1;0.00;8.95
22.06.2024;13:37:08;MM Solothurn;257;131;Acti Magnesium Zitrone;1;0.00;5.95
22.06.2024;13:37:08;MM Solothurn;257;131;Kneipp Magnesium;1;0.00;5.95
22.06.2024;13:37:08;MM Solothurn;257;131;Bonus-Coupon 2x;1;0;0
18.06.2024;14:52:13;MM Solothurn;255;49;Feldschlösschen 6x50cl;1;0.00;11.50
17.06.2024;17:12:40;MM Solothurn;481;167;Cewe Fotobuch;1;0.00;39.95
15.06.2024;15:30:33;MM Solothurn;257;191;Cherrytomaten gemischt;1;0.00;4.95
15.06.2024;15:30:33;MM Solothurn;257;191;Extra Kiwi essreif;3;0.00;2.40
15.06.2024;15:30:33;MM Solothurn;257;191;MBud Bananen;0.962;0.00;1.25
15.06.2024;15:30:33;MM Solothurn;257;191;Bio Spargeln grün;1;0.00;8.90
15.06.2024;15:30:33;MM Solothurn;257;191;Gurke;1;0.00;1.80
15.06.2024;15:30:33;MM Solothurn;257;191;Eier CH Respeggt;1;0.00;3.90
15.06.2024;15:30:33;MM Solothurn;257;191;MClass Haferflöckli;2;0.00;3.00
15.06.2024;15:30:33;MM Solothurn;257;191;MBud Espresso Bohnen;1;0.00;6.95
15.06.2024;15:30:33;MM Solothurn;257;191;Olma Bratwurst;2;0.00;7.90
15.06.2024;15:30:33;MM Solothurn;257;191;Optigal Pouletspiessli;0.236;0.00;8.60
15.06.2024;15:30:33;MM Solothurn;257;191;Grillschnecken Mix;0.367;2.57;8.45
15.06.2024;15:30:33;MM Solothurn;257;191;Emilio Carciofi 125g;2;0.00;7.00
15.06.2024;15:30:33;MM Solothurn;257;191;Blévita mini Paprika;2;0.00;6.00
15.06.2024;15:30:33;MM Solothurn;257;191;Bonus-Coupon 2x;1;0;0
15.06.2024;15:30:33;MM Solothurn;257;191;CUM10x Pkt Eier inkl. Migros-B;1;0;0
08.06.2024;14:33:52;MM Solothurn;257;164;Marzipan Weiss;1;0.00;1.35
08.06.2024;14:33:52;MM Solothurn;257;164;Homemade Crème Patiss.;1;0.00;2.40
08.06.2024;13:46:18;MMM Langendorf;271;165;Bio Heidelbeeren;1;3.30;6.60
08.06.2024;13:46:18;MMM Langendorf;271;165;MBud Bananen;0.692;0.00;0.90
08.06.2024;13:46:18;MMM Langendorf;271;165;Gurke;2;1.50;2.00
08.06.2024;13:46:18;MMM Langendorf;271;165;Cherrytomaten gemischt;1;1.00;3.95
08.06.2024;13:46:18;MMM Langendorf;271;165;Demeter Zitrone;1;0.00;0.50
08.06.2024;13:46:18;MMM Langendorf;271;165;Extra T. Sweet Cherry;0.197;0.00;3.25
08.06.2024;13:46:18;MMM Langendorf;271;165;Bio Bohnen;1;0.00;4.95
08.06.2024;13:46:18;MMM Langendorf;271;165;MClass Kuchenteig;2;0.00;3.40
08.06.2024;13:46:18;MMM Langendorf;271;165;Lenker Bleu;0.103;0.00;4.00
08.06.2024;13:46:18;MMM Langendorf;271;165;Olma Bratwurst;1;0.00;3.95
08.06.2024;13:46:18;MMM Langendorf;271;165;Lenker Kräuterkäse;0.175;0.00;5.35
08.06.2024;13:46:18;MMM Langendorf;271;165;Schönrieder Mutschli;0.175;0.00;5.00
08.06.2024;13:46:18;MMM Langendorf;271;165;MBud Bratspeck;0.175;0.00;3.50
08.06.2024;13:46:18;MMM Langendorf;271;165;Kalbsplätzli;0.174;0.00;14.80
08.06.2024;13:46:18;MMM Langendorf;271;165;Kalbsplätzli;0.228;0.00;19.40
08.06.2024;13:46:18;MMM Langendorf;271;165;Emmentaler mild;0.281;0.98;3.81
08.06.2024;13:46:18;MMM Langendorf;271;165;Berg Vorzugsbutter;1;0.00;3.15
08.06.2024;13:46:18;MMM Langendorf;271;165;MBud Magerquark 500g;1;0.00;1.25
08.06.2024;13:46:18;MMM Langendorf;271;165;MBud Cottage Cheese;1;0.00;4.10
08.06.2024;13:46:18;MMM Langendorf;271;165;Bio aha! Früchtemüesli;1;0.00;5.50
08.06.2024;13:46:18;MMM Langendorf;271;165;Giselle alkoholfrei;1;0.00;16.95
08.06.2024;13:46:18;MMM Langendorf;271;165;Fever Tree Bl. Orange;1;0.00;7.80
08.06.2024;13:46:18;MMM Langendorf;271;165;MClass Mocca Glacé;1;0.00;3.60
08.06.2024;13:46:18;MMM Langendorf;271;165;Tischset;4;0.00;15.80
08.06.2024;13:46:18;MMM Langendorf;271;165;Baseball Kappe;1;0.00;12.95
08.06.2024;13:46:18;MMM Langendorf;271;165;Baseball Kappe;1;0.00;12.95
08.06.2024;13:46:18;MMM Langendorf;271;165;Baseball Kappe;1;0.00;12.95
08.06.2024;13:46:18;MMM Langendorf;271;165;CUMULUS BON 20.-;0;0;-20.00
08.06.2024;13:46:18;MMM Langendorf;271;165;CUMULUS BON 10.-;0;0;-10.00
08.06.2024;13:46:18;MMM Langendorf;271;165;CUMULUS BON 10.-;0;0;-10.00
08.06.2024;13:46:18;MMM Langendorf;271;165;CUMULUS BON 5.-;0;0;-5.00
08.06.2024;13:46:18;MMM Langendorf;271;165;CUMULUS BON 5.-;0;0;-5.00
08.06.2024;13:46:18;MMM Langendorf;271;165;CUMULUS BON 5.-;0;0;-5.00
08.06.2024;13:46:18;MMM Langendorf;271;165;CUMULUS BON 5.-;0;0;-5.00
08.06.2024;13:46:18;MMM Langendorf;271;165;CUMULUS BON 5.-;0;0;-5.00
08.06.2024;13:46:18;MMM Langendorf;271;165;Bonus-Coupon 2x;1;0;0
01.06.2024;13:23:49;MM Solothurn;256;75;Tomaten Aromatico;1;0.00;3.30
01.06.2024;13:23:49;MM Solothurn;256;75;Bio Heidelbeeren;0.251;0.00;4.65
01.06.2024;13:23:49;MM Solothurn;256;75;Extra Kiwi Gold;2;0.00;3.00
01.06.2024;13:23:49;MM Solothurn;256;75;MBud Bananen;0.808;0.00;1.05
01.06.2024;13:23:49;MM Solothurn;256;75;Rhabarber;0.528;0.00;4.20
01.06.2024;13:23:49;MM Solothurn;256;75;Karotten;1;0.00;1.75
01.06.2024;13:23:49;MM Solothurn;256;75;Gurke;1;0.00;1.80
01.06.2024;13:23:49;MM Solothurn;256;75;Äpfel Braeburn;0.544;0.00;1.85
01.06.2024;13:23:49;MM Solothurn;256;75;Spargeln grün fein;1;0.00;4.70
01.06.2024;13:23:49;MM Solothurn;256;75;Butterzopf;1;0.00;3.90
01.06.2024;13:23:49;MM Solothurn;256;75;M-Drink UHT Brik 12x1l;1;2.80;15.80
01.06.2024;13:23:49;MM Solothurn;256;75;MBud Cottage Cheese;1;0.00;4.10
01.06.2024;13:23:49;MM Solothurn;256;75;Le Gruyère Surchoix;0.153;0.77;2.74
01.06.2024;13:23:49;MM Solothurn;256;75;Eier CH Respeggt;1;0.00;3.90
01.06.2024;13:23:49;MM Solothurn;256;75;Vanillezucker 4x10g;1;0.00;3.95
01.06.2024;13:23:49;MM Solothurn;256;75;Sun Queen Walnusskerne;1;0.00;3.70
01.06.2024;13:23:49;MM Solothurn;256;75;Rindshohrücken;0.205;2.67;10.65
01.06.2024;13:23:49;MM Solothurn;256;75;Heinz Bio Ketchup;1;0.85;3.40
01.06.2024;13:23:49;MM Solothurn;256;75;Bio Zitronen;1;0.75;1.45
01.06.2024;13:23:49;MM Solothurn;256;75;HM Regeneriersalz;3;0.00;3.30
01.06.2024;13:23:49;MM Solothurn;256;75;CUM10x Pkt Gurken;1;0;0
01.06.2024;13:23:49;MM Solothurn;256;75;CUM20x Pkt Senf;1;0;0
01.06.2024;13:23:49;MM Solothurn;256;75;1 CHF Coupon;1;0;-1.00
25.05.2024;14:04:27;MM Solothurn;256;78;Rhabarber;0.579;0.00;4.60
25.05.2024;14:04:27;MM Solothurn;256;78;Bio Heidelbeeren;0.254;0.00;4.70
25.05.2024;14:04:27;MM Solothurn;256;78;MBud Bananen;0.885;0.00;1.15
25.05.2024;14:04:27;MM Solothurn;256;78;Äpfel Braeburn;0.809;0.00;2.75
25.05.2024;14:04:27;MM Solothurn;256;78;Tomaten Aromatico;1;0.00;3.30
25.05.2024;14:04:27;MM Solothurn;256;78;Broccoli;0.353;0.00;2.10
25.05.2024;14:04:27;MM Solothurn;256;78;Bio Butterzopf;1;0.00;4.90
25.05.2024;14:04:27;MM Solothurn;256;78;MClass Kuchenteig;1;0.00;1.70
25.05.2024;14:04:27;MM Solothurn;256;78;Bio Roggenbrot;1;0.00;3.95
25.05.2024;14:04:27;MM Solothurn;256;78;Stockhornmutschli;0.182;0.00;5.45
25.05.2024;14:04:27;MM Solothurn;256;78;St. Albray;0.172;0.00;5.60
25.05.2024;14:04:27;MM Solothurn;256;78;Emilio Grana Padano;0.292;1.02;5.55
25.05.2024;14:04:27;MM Solothurn;256;78;Chässchnitte Mütis;1;0.00;7.00
25.05.2024;14:04:27;MM Solothurn;256;78;Bio Joghurt Kirschen;2;0.00;1.90
25.05.2024;14:04:27;MM Solothurn;256;78;Berg Vorzugsbutter;1;0.00;3.15
25.05.2024;14:04:27;MM Solothurn;256;78;Emmentaler mild;0.279;0.84;3.90
25.05.2024;14:04:27;MM Solothurn;256;78;Valflora Vollrahm;1;0.00;4.35
25.05.2024;14:04:27;MM Solothurn;256;78;Valflora Vollrahm UHT;1;0.00;2.05
25.05.2024;14:04:27;MM Solothurn;256;78;MClass IPS Kristallzuc;1;0.00;1.80
25.05.2024;14:04:27;MM Solothurn;256;78;MBud Blätterteig;1;0.00;2.70
25.05.2024;14:04:27;MM Solothurn;256;78;MClass Haferflöckli;1;0.00;1.50
25.05.2024;14:04:27;MM Solothurn;256;78;MBud Espresso Bohnen;1;0.00;6.95
25.05.2024;14:04:27;MM Solothurn;256;78;Olma Bratwurst;2;0.00;7.90
25.05.2024;14:04:27;MM Solothurn;256;78;MClass Entrecôte;0.165;0.00;9.75
25.05.2024;14:04:27;MM Solothurn;256;78;Bio Kapernäpfel fein;1;0.00;2.95
25.05.2024;14:04:27;MM Solothurn;256;78;Condy Champ.Pizzaiola;1;0.00;2.60
25.05.2024;14:04:27;MM Solothurn;256;78;Zweifel Vaya Bean;1;0.00;3.95
25.05.2024;14:04:27;MM Solothurn;256;78;Bonus-Coupon 2x;1;0;0
25.05.2024;14:04:27;MM Solothurn;256;78;CUM +3xPkt.Ges.Sort.;1;0;0
11.05.2024;13:26:53;MM Solothurn;255;46;Bio Heidelbeeren;0.208;0.00;3.85
11.05.2024;13:26:53;MM Solothurn;255;46;Extra Fleischt. farbig;0.508;1.02;3.00
11.05.2024;13:26:53;MM Solothurn;255;46;Bananen;0.500;0.00;1.25
11.05.2024;13:26:53;MM Solothurn;255;46;Bio Eichblattsalat rot;1;1.35;1.45
11.05.2024;13:26:53;MM Solothurn;255;46;Bio Kartoffeln festk.;1;0.00;2.95
11.05.2024;13:26:53;MM Solothurn;255;46;Butterzopf;1;0.00;3.90
11.05.2024;13:26:53;MM Solothurn;255;46;Schmelzkäse Gruyère;1;0.00;2.95
11.05.2024;13:26:53;MM Solothurn;255;46;Elsa Waldbeere Joghurt;2;0.38;1.52
11.05.2024;13:26:53;MM Solothurn;255;46;Elsa Joghurt Rhabarber;2;0.44;1.76
11.05.2024;13:26:53;MM Solothurn;255;46;MClass Jog. Haselnuss;2;0.00;1.30
11.05.2024;13:26:53;MM Solothurn;255;46;Eier CH Respeggt;1;0.00;3.90
11.05.2024;13:26:53;MM Solothurn;255;46;Blévita mini Paprika;2;1.20;4.80
11.05.2024;13:26:53;MM Solothurn;255;46;Mayonnaise française;1;1.15;4.45
11.05.2024;13:26:53;MM Solothurn;255;46;Thomy Senf scharf;1;0.00;1.90
11.05.2024;13:26:53;MM Solothurn;255;46;Olma Bratwurst;1;1.60;6.30
11.05.2024;13:26:53;MM Solothurn;255;46;MClass Lamm Racks;0.441;0.00;24.25
11.05.2024;13:26:53;MM Solothurn;255;46;Schweppes Tonic Pomelo;1;0.00;7.80
11.05.2024;13:26:53;MM Solothurn;255;46;Fever Tree Mediterrane;1;0.00;6.00
11.05.2024;13:26:53;MM Solothurn;255;46;NON Lager 6x50cl;1;0.00;10.95
11.05.2024;13:26:53;MM Solothurn;255;46;Kräuterbonbons zuckerf;1;0.00;4.25
11.05.2024;13:26:53;MM Solothurn;255;46;Zweifel Vaya Bean;1;0.00;3.95
11.05.2024;13:26:53;MM Solothurn;255;46;Spargeln weiss;1;3.30;6.65
11.05.2024;13:26:53;MM Solothurn;255;46;Bio Muskatnuss ganz;1;0.00;4.50
11.05.2024;13:26:53;MM Solothurn;255;46;MClass Stroh 800g;1;0.00;1.70
11.05.2024;13:26:53;MM Solothurn;255;46;Bonus-Coupon 2x;1;0;0
11.05.2024;13:26:53;MM Solothurn;255;46;CUM +3xPkt.Ges.Sort.;1;0;0
11.05.2024;13:26:53;MM Solothurn;255;46;Cumulus 20 -Fach.;1;0;0
04.05.2024;15:26:37;MM Solothurn;481;168;Champignons braun;1;0.00;2.40
04.05.2024;15:26:37;MM Solothurn;481;168;MBud Avocados anger.;1;0.00;1.80
04.05.2024;15:26:37;MM Solothurn;481;168;Demeter Zitrone;1;0.00;0.60
04.05.2024;15:26:37;MM Solothurn;481;168;MBud Bananen;0.577;0.00;0.75
04.05.2024;15:26:37;MM Solothurn;481;168;Äpfel Braeburn;1.353;0.00;4.60
04.05.2024;15:26:37;MM Solothurn;481;168;Broccoli;0.579;0.00;1.65
04.05.2024;15:26:37;MM Solothurn;481;168;Bio Spargeln grün;1;4.40;8.95
04.05.2024;15:26:37;MM Solothurn;481;168;Eichblattsalat rot;1;0.50;1.40
04.05.2024;15:26:37;MM Solothurn;481;168;Gurke;1;0.00;1.40
04.05.2024;15:26:37;MM Solothurn;481;168;Radieschen;1;0.00;1.60
04.05.2024;15:26:37;MM Solothurn;481;168;Schönrieder Mutschli;0.207;0.00;5.90
04.05.2024;15:26:37;MM Solothurn;481;168;Emmentaler mild;0.285;1.00;3.85
04.05.2024;15:26:37;MM Solothurn;481;168;MBud Cottage Cheese;2;0.00;8.20
04.05.2024;15:26:37;MM Solothurn;481;168;Excellence Nature;2;0.00;2.10
04.05.2024;15:26:37;MM Solothurn;481;168;Alfredo Mozzarella;1;0.00;1.65
04.05.2024;15:26:37;MM Solothurn;481;168;MClass Jog. Haselnuss;2;0.00;1.30
04.05.2024;15:26:37;MM Solothurn;481;168;Berg Vorzugsbutter;1;0.00;3.15
04.05.2024;15:26:37;MM Solothurn;481;168;MBud Butter Mödeli;1;0.00;3.40
04.05.2024;15:26:37;MM Solothurn;481;168;MBud Haushaltmehl;1;0.00;1.00
04.05.2024;15:26:37;MM Solothurn;481;168;Reiswaffeln Schokolade;3;1.20;2.40
04.05.2024;15:26:37;MM Solothurn;481;168;MClass Kuchenteig;1;0.00;1.70
04.05.2024;15:26:37;MM Solothurn;481;168;MBud Blätterteig;1;0.00;2.70
04.05.2024;15:26:37;MM Solothurn;481;168;MClass Senf scharf;1;0.00;1.25
04.05.2024;15:26:37;MM Solothurn;481;168;MClass MSC Thon Oel 8x;1;5.65;9.95
04.05.2024;15:26:37;MM Solothurn;481;168;Olma Bratwurst;1;0.00;3.95
04.05.2024;15:26:37;MM Solothurn;481;168;MBud Rohschinken;1;0.00;4.40
04.05.2024;15:26:37;MM Solothurn;481;168;Rindsfilet;0.270;4.05;22.15
04.05.2024;15:26:37;MM Solothurn;481;168;Kalbsplätzli;0.208;0.00;17.70
04.05.2024;15:26:37;MM Solothurn;481;168;Zweifel Vaya Bean;1;0.00;3.95
04.05.2024;15:26:37;MM Solothurn;481;168;Granatapfel;1;1.30;0.65
04.05.2024;15:26:37;MM Solothurn;481;168;Demeter Zitrone;1;0.20;0.40
04.05.2024;15:26:37;MM Solothurn;481;168;Klx Original Quattro;1;0.00;6.40
04.05.2024;15:26:37;MM Solothurn;481;168;Bonus-Coupon 2x;1;0;0
27.04.2024;14:25:07;MM Solothurn;257;150;Champignons braun;0.170;0.00;1.70
27.04.2024;14:25:07;MM Solothurn;257;150;Heidelbeeren;1;0.00;1.00
27.04.2024;14:25:07;MM Solothurn;257;150;MBud Bananen;0.538;0.00;0.70
27.04.2024;14:25:07;MM Solothurn;257;150;Äpfel Braeburn;1.250;0.75;3.50
27.04.2024;14:25:07;MM Solothurn;257;150;Broccoli;0.409;0.00;1.35
27.04.2024;14:25:07;MM Solothurn;257;150;Butterzopf;1;0.00;3.90
27.04.2024;14:25:07;MM Solothurn;257;150;MClass Kuchenteig;1;0.00;1.70
27.04.2024;14:25:07;MM Solothurn;257;150;Stockhornmutschli;0.190;0.00;5.70
27.04.2024;14:25:07;MM Solothurn;257;150;Höhlengold Gruyère;0.256;0.00;7.80
27.04.2024;14:25:07;MM Solothurn;257;150;Excellence Nature;2;0.00;2.10
27.04.2024;14:25:07;MM Solothurn;257;150;MClass Jog. Haselnuss;2;0.00;1.30
27.04.2024;14:25:07;MM Solothurn;257;150;Galbani Ricotta Cremos;1;0.00;3.30
27.04.2024;14:25:07;MM Solothurn;257;150;Solothurner Eier 53g+;1;0.00;3.95
27.04.2024;14:25:07;MM Solothurn;257;150;Reiswaffeln Schokolade;1;0.00;1.20
27.04.2024;14:25:07;MM Solothurn;257;150;MClass Haferflöckli;1;0.00;1.50
27.04.2024;14:25:07;MM Solothurn;257;150;Landrauchschinken;0.094;0.00;5.60
27.04.2024;14:25:07;MM Solothurn;257;150;Poulet Minifilet;0.303;1.67;9.25
27.04.2024;14:25:07;MM Solothurn;257;150;Swiss Angus Burger;2;0.00;16.40
27.04.2024;14:25:07;MM Solothurn;257;150;CUM +3xPkt.Ges.Sort.;1;0;0
20.04.2024;14:28:36;MM Solothurn;251;151;Rhabarber;0.679;1.15;4.55
20.04.2024;14:28:36;MM Solothurn;251;151;Bio Heidelbeeren;0.187;0.00;3.65
20.04.2024;14:28:36;MM Solothurn;251;151;Spargeln grün Europa;1;3.45;6.50
20.04.2024;14:28:36;MM Solothurn;251;151;Mango essreif;1;0.00;2.40
20.04.2024;14:28:36;MM Solothurn;251;151;MBud Bananen;0.885;0.00;1.15
20.04.2024;14:28:36;MM Solothurn;251;151;Broccoli;0.394;0.00;1.30
20.04.2024;14:28:36;MM Solothurn;251;151;Karotten;1;0.80;1.00
20.04.2024;14:28:36;MM Solothurn;251;151;Kart.mehligkochend;1;0.00;2.00
20.04.2024;14:28:36;MM Solothurn;251;151;Nüsslisalat;1;0.00;2.90
20.04.2024;14:28:36;MM Solothurn;251;151;Cheesecake Erdbeere;1;1.15;2.35
20.04.2024;14:28:36;MM Solothurn;251;151;Butterzopf;1;0.00;3.90
20.04.2024;14:28:36;MM Solothurn;251;151;M-Drink UHT Brik 12x1l;1;0.00;15.80
20.04.2024;14:28:36;MM Solothurn;251;151;Le Gruyère 120g;1;0.00;2.70
20.04.2024;14:28:36;MM Solothurn;251;151;Excellence Nature;2;0.00;2.10
20.04.2024;14:28:36;MM Solothurn;251;151;Reiswaffeln Schokolade;2;0.00;2.40
20.04.2024;14:28:36;MM Solothurn;251;151;MBud Espresso Bohnen;1;0.00;6.95
20.04.2024;14:28:36;MM Solothurn;251;151;Rindshuft;0.284;5.55;11.20
20.04.2024;14:28:36;MM Solothurn;251;151;Landrauchschinken;0.092;0.00;5.45
20.04.2024;14:28:36;MM Solothurn;251;151;Bio Bratspeck;0.111;0.00;3.90
20.04.2024;14:28:36;MM Solothurn;251;151;Sélec Flammlachs gerau;1;0.00;5.95
20.04.2024;14:28:36;MM Solothurn;251;151;Fever Tree Mediterrane;1;0.00;7.80
20.04.2024;14:28:36;MM Solothurn;251;151;Stimorol Spearmint;1;0.00;4.95
20.04.2024;14:28:36;MM Solothurn;251;151;Zweifel Vaya Bean;1;0.00;3.95
20.04.2024;14:28:36;MM Solothurn;251;151;HM Regeneriersalz;1;0.00;1.10
20.04.2024;14:28:36;MM Solothurn;251;151;Bonus-Coupon 2x;1;0;0
20.04.2024;14:28:36;MM Solothurn;251;151;Cumulus 20-Fach;1;0;0
20.04.2024;14:28:36;MM Solothurn;251;151;CUM20x Pkt Fever Tree;1;0;0
16.04.2024;12:19:51;ALN Passage Sihlquai;255;137;VIE Roggensauerteig;1;0.00;5.50
13.04.2024;15:58:24;MM Solothurn;251;176;Spargeln grün Europa;1;0.00;9.95
13.04.2024;15:58:24;MM Solothurn;251;176;Äpfel Braeburn;0.985;0.00;3.35
13.04.2024;15:58:24;MM Solothurn;251;176;MBud Bananen;0.808;0.00;1.05
13.04.2024;15:58:24;MM Solothurn;251;176;Bio Eichblattsalat rot;1;0.00;2.65
13.04.2024;15:58:24;MM Solothurn;251;176;Butterzopf;1;0.00;2.50
13.04.2024;15:58:24;MM Solothurn;251;176;MClass Kuchenteig;1;0.00;1.70
13.04.2024;15:58:24;MM Solothurn;251;176;Schönrieder Mutschli;0.189;0.00;5.40
13.04.2024;15:58:24;MM Solothurn;251;176;Le Gruyère 120g;1;0.00;2.70
13.04.2024;15:58:24;MM Solothurn;251;176;MBud Cottage Cheese;1;0.00;4.10
13.04.2024;15:58:24;MM Solothurn;251;176;Bio Emmentaler mild;0.303;1.52;5.60
13.04.2024;15:58:24;MM Solothurn;251;176;Excellence Nature;2;0.00;2.10
13.04.2024;15:58:24;MM Solothurn;251;176;MClass Jog. Heidelbeer;2;0.00;1.30
13.04.2024;15:58:24;MM Solothurn;251;176;MClass Jog. Haselnuss;2;0.00;1.30
13.04.2024;15:58:24;MM Solothurn;251;176;YOU Skyr Vanille;1;0.00;1.80
13.04.2024;15:58:24;MM Solothurn;251;176;Eier Freiland 6x53g+;1;0.00;3.75
13.04.2024;15:58:24;MM Solothurn;251;176;Blévita Gruyère;3;3.57;8.28
13.04.2024;15:58:24;MM Solothurn;251;176;Blévita mini Paprika;2;1.80;4.20
13.04.2024;15:58:24;MM Solothurn;251;176;Reiswaffeln Schokolade;2;0.00;2.40
13.04.2024;15:58:24;MM Solothurn;251;176;MClass Haferflöckli;1;0.00;1.50
13.04.2024;15:58:24;MM Solothurn;251;176;Olma Bratwurst;1;3.90;7.95
13.04.2024;15:58:24;MM Solothurn;251;176;Schwarzwälder Schinken;0.114;0.00;6.40
13.04.2024;15:58:24;MM Solothurn;251;176;Speckwürfeli;1;0.00;3.30
13.04.2024;15:58:24;MM Solothurn;251;176;Rindshohrückensteak;0.202;0.00;13.15
13.04.2024;15:58:24;MM Solothurn;251;176;Rindshohrückensteak;0.210;0.00;13.65
13.04.2024;15:58:24;MM Solothurn;251;176;MClass mit 10% Butter;1;0.00;5.70
13.04.2024;15:58:24;MM Solothurn;251;176;Plus Vitamin C Zitrone;1;2.00;1.95
13.04.2024;15:58:24;MM Solothurn;251;176;Zweifel Vaya Bean;1;0.00;3.95
13.04.2024;15:58:24;MM Solothurn;251;176;I AM Soap Atlantic NFB;1;1.95;4.55
13.04.2024;15:58:24;MM Solothurn;251;176;Bonus-Coupon 2x;1;0;0
08.04.2024;19:22:56;ALN Passage Sihlquai;254;368;VIE Roggensauerteig;1;0.00;5.50
06.04.2024;13:47:20;MM Solothurn;256;88;Spargeln grün Europa;1;0.00;9.95
06.04.2024;13:47:20;MM Solothurn;256;88;Bio Avocado essreif;1;0.00;1.75
06.04.2024;13:47:20;MM Solothurn;256;88;Zitrone;1;0.00;0.40
06.04.2024;13:47:20;MM Solothurn;256;88;Bananen;0.460;0.00;1.15
06.04.2024;13:47:20;MM Solothurn;256;88;Äpfel Braeburn;1.221;0.00;4.15
06.04.2024;13:47:20;MM Solothurn;256;88;Gurke;1;0.20;0.80
06.04.2024;13:47:20;MM Solothurn;256;88;Spinat;1;0.00;3.90
06.04.2024;13:47:20;MM Solothurn;256;88;Lattich mini grün;1;0.00;2.50
06.04.2024;13:47:20;MM Solothurn;256;88;Butterzopf;1;0.00;3.90
06.04.2024;13:47:20;MM Solothurn;256;88;Schönrieder Mutschli;0.179;0.00;5.10
06.04.2024;13:47:20;MM Solothurn;256;88;Valflora Vollrahm UHT;1;0.00;2.05
06.04.2024;13:47:20;MM Solothurn;256;88;Berg Vorzugsbutter;1;0.00;3.15
06.04.2024;13:47:20;MM Solothurn;256;88;MBud Haushaltmehl;1;0.00;1.00
06.04.2024;13:47:20;MM Solothurn;256;88;MBud Mandeln;1;0.00;3.00
06.04.2024;13:47:20;MM Solothurn;256;88;MClass Kuchenteig;2;0.00;3.40
06.04.2024;13:47:20;MM Solothurn;256;88;Bio Zitronenthymiantee;1;0.59;2.36
06.04.2024;13:47:20;MM Solothurn;256;88;Bio Alpenkräutertee;1;0.59;2.36
06.04.2024;13:47:20;MM Solothurn;256;88;Bio Kräutertee Holunde;1;0.66;2.64
06.04.2024;13:47:20;MM Solothurn;256;88;Olma Bratwurst;2;0.00;7.90
06.04.2024;13:47:20;MM Solothurn;256;88;Poulet Minifilet;0.289;0.00;10.40
06.04.2024;13:47:20;MM Solothurn;256;88;MClass ASC Crevetten;1;4.60;9.35
06.04.2024;13:47:20;MM Solothurn;256;88;Ricotta mit Büffelmil;1;0.00;3.10
06.04.2024;13:47:20;MM Solothurn;256;88;Schwarzwälder Schinken;0.116;0.00;6.50
06.04.2024;13:47:20;MM Solothurn;256;88;Zitrone;1;0.15;0.25
06.04.2024;13:47:20;MM Solothurn;256;88;M-Budget Nagellacken.;1;0.00;2.40
06.04.2024;13:47:20;MM Solothurn;256;88;Maybelline Mascara;1;0.00;15.95
06.04.2024;13:47:20;MM Solothurn;256;88;CUM +3xPkt.Ges.Sort.;1;0;0
02.04.2024;16:11:46;MM Solothurn;251;177;MClass Kuchenteig;2;0.00;3.40
02.04.2024;16:11:46;MM Solothurn;251;177;MBud Spearmint 154g;1;0.00;2.90
02.04.2024;16:11:46;MM Solothurn;251;177;Berg Vorzugsbutter;1;0.00;3.15
02.04.2024;16:11:46;MM Solothurn;251;177;Bio Linsen Grün;1;0.00;3.00
02.04.2024;16:11:46;MM Solothurn;251;177;Bio Heidelbeeren;0.143;0.00;3.00
02.04.2024;16:11:46;MM Solothurn;251;177;MBud Bananen;0.654;0.00;0.85
02.04.2024;16:11:46;MM Solothurn;251;177;Nüsslisalat;1;0.00;2.80
02.04.2024;16:11:46;MM Solothurn;251;177;YOU Skyr Vanille;1;0.00;1.80
02.04.2024;16:11:46;MM Solothurn;251;177;Excellence Vanille;2;0.00;2.10
23.03.2024;14:14:08;MM Solothurn;257;153;Bio Heidelbeeren;0.217;0.00;4.55
23.03.2024;14:14:08;MM Solothurn;257;153;Bio Champignons braun;1;0.00;3.95
23.03.2024;14:14:08;MM Solothurn;257;153;MBud Bananen;0.633;0.00;0.95
23.03.2024;14:14:08;MM Solothurn;257;153;Fenchel;0.542;0.00;1.30
23.03.2024;14:14:08;MM Solothurn;257;153;Nüsslisalat;1;0.00;3.80
23.03.2024;14:14:08;MM Solothurn;257;153;Sélec Truffes Torte;1;6.90;7.90
23.03.2024;14:14:08;MM Solothurn;257;153;Schmelzkäse Gruyère;1;0.00;2.95
23.03.2024;14:14:08;MM Solothurn;257;153;Butterzopf;1;0.00;3.90
23.03.2024;14:14:08;MM Solothurn;257;153;Emilio Grana Padano;0.255;0.89;4.85
23.03.2024;14:14:08;MM Solothurn;257;153;Sélec Uralt 24 Mte;0.090;0.68;2.64
23.03.2024;14:14:08;MM Solothurn;257;153;Wilde Bergfee;0.228;0.00;7.75
23.03.2024;14:14:08;MM Solothurn;257;153;Excellence Vanille;2;0.00;2.10
23.03.2024;14:14:08;MM Solothurn;257;153;Excellence Kirsche;2;0.00;2.10
23.03.2024;14:14:08;MM Solothurn;257;153;Joghurt Rhabarber Vani;2;0.00;1.60
23.03.2024;14:14:08;MM Solothurn;257;153;Valflora Vollrahm;1;0.00;4.35
23.03.2024;14:14:08;MM Solothurn;257;153;Eier CH Respeggt;1;0.00;3.90
23.03.2024;14:14:08;MM Solothurn;257;153;YOU Skyr Vanille;1;0.00;1.80
23.03.2024;14:14:08;MM Solothurn;257;153;YOU Skyr Nature;1;0.00;1.80
23.03.2024;14:14:08;MM Solothurn;257;153;Gruyère Reibkäse;1;1.65;6.45
23.03.2024;14:14:08;MM Solothurn;257;153;Bio Picknick-Eier;1;0.00;4.10
23.03.2024;14:14:08;MM Solothurn;257;153;MClass Kuchenteig;1;0.00;1.70
23.03.2024;14:14:08;MM Solothurn;257;153;Reiswaffeln Schokolade;1;0.00;1.20
23.03.2024;14:14:08;MM Solothurn;257;153;Bio Roggenbrot;1;0.00;3.95
23.03.2024;14:14:08;MM Solothurn;257;153;MBud Espresso Bohnen;2;0.00;13.90
23.03.2024;14:14:08;MM Solothurn;257;153;Sélec Aceto Balsamico;1;3.79;15.16
23.03.2024;14:14:08;MM Solothurn;257;153;MClass Rauchlachs Scho;1;2.15;4.35
23.03.2024;14:14:08;MM Solothurn;257;153;Bio Speckwürfeli;1;0.00;3.95
23.03.2024;14:14:08;MM Solothurn;257;153;Noir Special 72%;2;0.00;26.00
23.03.2024;14:14:08;MM Solothurn;257;153;LT Excellence Fleur 3x;1;1.95;7.50
23.03.2024;14:14:08;MM Solothurn;257;153;LT Excellence 70% 3x;1;1.95;7.50
23.03.2024;14:14:08;MM Solothurn;257;153;IPS Ur-Dinkel Hörnli;1;0.66;2.64
23.03.2024;14:14:08;MM Solothurn;257;153;Cayennepfeffer grob;1;0.00;1.15
23.03.2024;14:14:08;MM Solothurn;257;153;Feldschlösschen 6x50cl;1;0.00;11.50
23.03.2024;14:14:08;MM Solothurn;257;153;Chässchnitte Mütis;1;0.00;7.00
23.03.2024;14:14:08;MM Solothurn;257;153;Emilio Carciofi 125g;1;0.00;3.50
23.03.2024;14:14:08;MM Solothurn;257;153;Condy Champ.Pizzaiola;1;0.65;1.95
23.03.2024;14:14:08;MM Solothurn;257;153;Condy Kapernäpfel fein;1;0.63;1.87
23.03.2024;14:14:08;MM Solothurn;257;153;Condy Silberzwiebeln;1;0.48;1.42
23.03.2024;14:14:08;MM Solothurn;257;153;Condy Cornichons 125g;1;0.55;1.65
23.03.2024;14:14:08;MM Solothurn;257;153;Condy Knoblauch Kräute;1;0.73;2.17
23.03.2024;14:14:08;MM Solothurn;257;153;Condy Eierschwämme;1;1.24;3.71
23.03.2024;14:14:08;MM Solothurn;257;153;Zweifel Vaya Bean;2;0.00;7.90
23.03.2024;14:14:08;MM Solothurn;257;153;CUM +2xPkt.Ges.Sort.;1;0;0
23.03.2024;14:14:08;MM Solothurn;257;153;CUM40% Excellence;1;0;-1.68
23.03.2024;14:14:08;MM Solothurn;257;153;CUM40% Frey Schokol.;1;0;-10.40
16.03.2024;16:24:27;MM Solothurn;257;199;MBud Bananen;0.367;0.00;0.55
16.03.2024;16:24:27;MM Solothurn;257;199;Butterzopf;1;0.00;3.90
16.03.2024;16:24:27;MM Solothurn;257;199;MClass Haferflöckli;1;0.00;1.50
16.03.2024;16:24:27;MM Solothurn;257;199;Schwarzwälder Schinken;0.121;0.00;6.80
16.03.2024;16:24:27;MM Solothurn;257;199;IP K-Plaetzli;0.332;0.00;31.05
16.03.2024;16:24:27;MM Solothurn;257;199;MClass Kuchenteig;1;0.00;1.70
16.03.2024;16:24:27;MM Solothurn;257;199;Nougat Torte;1;1.90;3.90
16.03.2024;16:24:27;MM Solothurn;257;199;Sélec Nüsslisalat;1;0.95;3.65
16.03.2024;16:24:27;MM Solothurn;257;199;Zwiebeln;1;0.00;2.30
16.03.2024;16:24:27;MM Solothurn;257;199;Broccoli;0.379;0.00;1.25
16.03.2024;16:24:27;MM Solothurn;257;199;Kassentragtasche;1;0.00;0.40
16.03.2024;16:24:27;MM Solothurn;257;199;Rotkabis;0.471;0.00;0.80
16.03.2024;16:24:27;MM Solothurn;257;199;Kart.mehligkochend;1;0.00;2.00
16.03.2024;16:24:27;MM Solothurn;257;199;Schönrieder Mutschli;0.212;0.00;6.05
16.03.2024;16:24:27;MM Solothurn;257;199;Minirousse d'Argental;1;0.00;3.95
16.03.2024;16:24:27;MM Solothurn;257;199;Grindelwald Bergkäse;0.183;0.00;6.05
16.03.2024;16:24:27;MM Solothurn;257;199;Frühlingskäse;0.191;0.96;5.14
16.03.2024;16:24:27;MM Solothurn;257;199;M-Drink UHT Brik 12x1l;1;4.80;14.40
16.03.2024;16:24:27;MM Solothurn;257;199;Le Gruyère 120g;1;0.00;2.70
16.03.2024;16:24:27;MM Solothurn;257;199;MClass Salatkäse;1;0.00;2.60
16.03.2024;16:24:27;MM Solothurn;257;199;MBud Cottage Cheese;1;0.00;4.10
16.03.2024;16:24:27;MM Solothurn;257;199;Bio Rahmchäsli;1;0.00;3.20
16.03.2024;16:24:27;MM Solothurn;257;199;Excellence Vanille;2;0.00;2.10
16.03.2024;16:24:27;MM Solothurn;257;199;Bratspeck;0.074;0.00;2.50
16.03.2024;16:24:27;MM Solothurn;257;199;Blévita mini Paprika;1;0.00;3.00
16.03.2024;16:24:27;MM Solothurn;257;199;MClass Ofen Frites;1;0.00;2.95
16.03.2024;16:24:27;MM Solothurn;257;199;Bio Crevetten 400g;1;2.30;9.20
16.03.2024;16:24:27;MM Solothurn;257;199;CUM +2xPkt.Ges.Sort.;1;0;0
16.03.2024;16:24:27;MM Solothurn;257;199;CUM40% Brotzöpfe;1;0;-1.56
16.03.2024;16:24:27;MM Solothurn;257;199;CUM40% Blévita Minis;1;0;-1.20
08.03.2024;17:36:43;MM Solothurn;252;68;Valflora Drink UHT;1;0.00;9.60
08.03.2024;17:36:43;MM Solothurn;252;68;Bio Kuchenteig;1;0.00;2.30
04.03.2024;17:48:12;MM Solothurn;257;215;Äpfel Jazz;0.949;0.00;4.70
04.03.2024;17:48:12;MM Solothurn;257;215;Bio Karotten;1;0.00;3.30
04.03.2024;17:48:12;MM Solothurn;257;215;Randen ged. geschält;0.512;0.00;2.10
04.03.2024;17:48:12;MM Solothurn;257;215;Rotkabis;0.618;0.00;1.05
04.03.2024;17:48:12;MM Solothurn;257;215;Tomme la Fleur;1;0.00;5.90
04.03.2024;17:48:12;MM Solothurn;257;215;Excellence Vanille;2;0.00;2.10
04.03.2024;17:48:12;MM Solothurn;257;215;MClass Kuchenteig;2;0.00;3.40
04.03.2024;17:48:12;MM Solothurn;257;215;Reiswaffeln Schokolade;1;0.00;1.20
04.03.2024;17:48:12;MM Solothurn;257;215;Speckwürfeli;1;0.00;3.30
04.03.2024;17:48:12;MM Solothurn;257;215;Sélec Thon Albacore;1;0.00;6.50
04.03.2024;17:48:12;MM Solothurn;257;215;Bio Maiskörner 285G;1;0.00;1.90
04.03.2024;17:48:12;MM Solothurn;257;215;Bio Nüsslisalat;1;0.00;3.60
04.03.2024;17:48:12;MM Solothurn;257;215;MBud Spearmint 154g;2;0.00;5.80
04.03.2024;17:48:12;MM Solothurn;257;215;Acti Magnesium Zitrone;1;0.00;5.95
15.02.2024;16:44:17;M Bahnhof Basel;265;211;Bananen;0.164;0.00;0.45
15.02.2024;16:44:17;M Bahnhof Basel;265;211;Reiswaffeln Schokolade;1;0.00;1.20
15.02.2024;16:44:17;M Bahnhof Basel;265;211;MBud Spearmint 154g;2;0.00;5.80
15.02.2024;16:44:17;M Bahnhof Basel;265;211;Knoppers 8x25g;1;0.00;3.30
03.02.2024;12:52:20;MM Solothurn;257;98;MBud Bananen;0.600;0.00;0.90
03.02.2024;12:52:20;MM Solothurn;257;98;Äpfel Braeburn;0.926;0.00;3.15
03.02.2024;12:52:20;MM Solothurn;257;98;Nüsslisalat;1;0.00;3.95
03.02.2024;12:52:20;MM Solothurn;257;98;Butterzopf;1;0.00;3.90
03.02.2024;12:52:20;MM Solothurn;257;98;MClass Kuchenteig;2;0.00;3.40
03.02.2024;12:52:20;MM Solothurn;257;98;Schoenr. Mutschli;0.139;0.00;3.75
03.02.2024;12:52:20;MM Solothurn;257;98;Excellence Vanille;2;0.00;2.10
03.02.2024;12:52:20;MM Solothurn;257;98;Elsa Waldbeere Joghurt;2;0.00;1.90
03.02.2024;12:52:20;MM Solothurn;257;98;Berg Vorzugsbutter;1;0.00;3.15
03.02.2024;12:52:20;MM Solothurn;257;98;Valflora Vollrahm;1;0.00;4.35
03.02.2024;12:52:20;MM Solothurn;257;98;Reiswaffeln Schokolade;1;0.00;1.20
03.02.2024;12:52:20;MM Solothurn;257;98;MClass Haferflöckli;1;0.00;1.50
03.02.2024;12:52:20;MM Solothurn;257;98;Family Sesame Mochi;1;0.00;5.50
03.02.2024;12:52:20;MM Solothurn;257;98;Seeländerli;1;4.05;7.95
03.02.2024;12:52:20;MM Solothurn;257;98;Speckwürfeli;1;0.00;3.30
03.02.2024;12:52:20;MM Solothurn;257;98;Rindshuftsteak;0.357;8.21;18.90
03.02.2024;12:52:20;MM Solothurn;257;98;Hot Smoked Salmon;1;0.00;5.80
03.02.2024;12:52:20;MM Solothurn;257;98;Frey Noir;1;0.00;9.00
03.02.2024;12:52:20;MM Solothurn;257;98;Feldschlösschen 6x50cl;1;0.00;11.50
03.02.2024;12:52:20;MM Solothurn;257;98;MBud Avocados anger.;1;0.90;0.90
03.02.2024;12:52:20;MM Solothurn;257;98;Zweifel Vaya Bean;1;0.00;3.95
03.02.2024;12:52:20;MM Solothurn;257;98;Tangan Folie N°11;1;0.00;3.50
03.02.2024;12:52:20;MM Solothurn;257;98;Miobrill Schwämme;1;0.00;2.40
03.02.2024;12:52:20;MM Solothurn;257;98;Lumocolor F permanent;2;0.00;5.00
03.02.2024;12:52:20;MM Solothurn;257;98;HM Regeneriersalz;2;0.00;2.20
03.02.2024;12:52:20;MM Solothurn;257;98;I AM Soap Atlantic NFB;1;1.55;4.95
03.02.2024;12:52:20;MM Solothurn;257;98;TWIST RECYCL 1/2 16ER;1;5.05;11.75
03.02.2024;12:52:20;MM Solothurn;257;98;Kleenex Original 2x72;1;0.00;4.10
03.02.2024;12:52:20;MM Solothurn;257;98;Mini Prim. Watteron.35;1;0.00;1.30
03.02.2024;12:52:20;MM Solothurn;257;98;CUMULUS BON 10.-;0;0;-10.00
03.02.2024;12:52:20;MM Solothurn;257;98;CUMULUS BON 5.-;0;0;-5.00
03.02.2024;12:52:20;MM Solothurn;257;98;CUMULUS BON 5.-;0;0;-5.00
03.02.2024;12:52:20;MM Solothurn;257;98;CUMULUS BON 5.-;0;0;-5.00
27.01.2024;13:49:19;MM Solothurn;251;119;MBud Bananen;1.267;0.00;1.90
27.01.2024;13:49:19;MM Solothurn;251;119;Äpfel Braeburn;0.647;0.00;2.20
27.01.2024;13:49:19;MM Solothurn;251;119;Broccoli;0.409;0.00;1.35
27.01.2024;13:49:19;MM Solothurn;251;119;Fenchel;0.458;0.00;1.35
27.01.2024;13:49:19;MM Solothurn;251;119;Oliven Diabolo;1;0.00;4.50
27.01.2024;13:49:19;MM Solothurn;251;119;Butterzopf;1;0.00;2.50
27.01.2024;13:49:19;MM Solothurn;251;119;Schmelzkäse Gruyère;1;0.00;2.95
27.01.2024;13:49:19;MM Solothurn;251;119;Schwarzenburgerli;1;0.00;5.90
27.01.2024;13:49:19;MM Solothurn;251;119;Schoenr. Mutschli;0.226;0.00;6.10
27.01.2024;13:49:19;MM Solothurn;251;119;Excellence Vanille;2;0.00;2.10
27.01.2024;13:49:19;MM Solothurn;251;119;Eier CH Respeggt;1;0.00;3.90
27.01.2024;13:49:19;MM Solothurn;251;119;MClass Kuchenteig;1;0.00;1.70
27.01.2024;13:49:19;MM Solothurn;251;119;MBud Espresso Bohnen;2;0.00;12.00
27.01.2024;13:49:19;MM Solothurn;251;119;Kalbsplätzli;0.160;2.08;11.50
27.01.2024;13:49:19;MM Solothurn;251;119;Condy Knoblauchgurken;1;0.66;2.64
27.01.2024;13:49:19;MM Solothurn;251;119;Condy Gewürzgurken;1;0.50;2.00
27.01.2024;13:49:19;MM Solothurn;251;119;Condy FT Maiskölbchen;1;0.60;2.20
27.01.2024;13:49:19;MM Solothurn;251;119;Wagyu Burger 2x125g;1;0.00;11.50
27.01.2024;13:49:19;MM Solothurn;251;119;MBud Cocktailcrevetten;1;0.00;5.60
27.01.2024;13:49:19;MM Solothurn;251;119;CUM +3xPkt.Ges.Sort.;1;0;0
20.01.2024;13:27:06;MM Solothurn;257;114;MBud Bananen;0.800;0.00;1.20
20.01.2024;13:27:06;MM Solothurn;257;114;Fenchel;0.542;0.00;1.60
20.01.2024;13:27:06;MM Solothurn;257;114;Bio Nüsslisalat;1;0.00;4.95
20.01.2024;13:27:06;MM Solothurn;257;114;Randen gedämpft;0.385;0.00;1.50
20.01.2024;13:27:06;MM Solothurn;257;114;Butterzopf;1;0.00;3.90
20.01.2024;13:27:06;MM Solothurn;257;114;Elsa Waldbeere Joghurt;2;0.00;1.90
20.01.2024;13:27:06;MM Solothurn;257;114;Raccard Nature Scheib;0.412;0.00;10.70
20.01.2024;13:27:06;MM Solothurn;257;114;Berg Vorzugsbutter;1;0.00;3.15
20.01.2024;13:27:06;MM Solothurn;257;114;Vanillezucker 4x10g;2;0.00;7.90
20.01.2024;13:27:06;MM Solothurn;257;114;MClass IPS Kristallzuc;1;0.00;1.80
20.01.2024;13:27:06;MM Solothurn;257;114;MBud Haselnüsse;1;0.00;4.95
20.01.2024;13:27:06;MM Solothurn;257;114;MClass Kuchenteig;1;0.00;1.70
20.01.2024;13:27:06;MM Solothurn;257;114;MBud Espresso Bohnen;1;0.00;6.00
20.01.2024;13:27:06;MM Solothurn;257;114;Emmentalerli;1;0.00;6.20
20.01.2024;13:27:06;MM Solothurn;257;114;MClass Senf scharf;1;0.00;1.25
20.01.2024;13:27:06;MM Solothurn;257;114;Blévita Gruyère;2;1.20;6.70
20.01.2024;13:27:06;MM Solothurn;257;114;MClass Erbsen/Karotten;1;0.00;1.70
20.01.2024;13:27:06;MM Solothurn;257;114;MBud Spearmint 154g;1;0.00;2.90
20.01.2024;13:27:06;MM Solothurn;257;114;Etoilekerzen 8 Stk.;1;0.00;4.95
20.01.2024;13:27:06;MM Solothurn;257;114;Happy Bird Genussmisch;1;0.00;4.60
20.01.2024;13:27:06;MM Solothurn;257;114;Bonus-Coupon 2x;1;0;0
15.01.2024;16:24:07;M Zuchwil;254;66;MBud Bananen;0.767;0.00;1.15
15.01.2024;16:24:07;M Zuchwil;254;66;MClass Haferflöckli;1;0.00;1.50
15.01.2024;16:24:07;M Zuchwil;254;66;Nüsslisalat;1;0.00;3.80
15.01.2024;16:24:07;M Zuchwil;254;66;Randen ged. geschält;0.439;0.00;1.80
15.01.2024;16:24:07;M Zuchwil;254;66;MClass Kuchenteig;1;0.00;1.70
15.01.2024;16:24:07;M Zuchwil;254;66;Fasnachtschüechli;1;0.70;2.80
15.01.2024;16:24:07;M Zuchwil;254;66;Eier Freiland 6x53g+;1;0.00;3.75
15.01.2024;16:24:07;M Zuchwil;254;66;MClass Cottage Cheese;2;0.60;3.00
15.01.2024;16:24:07;M Zuchwil;254;66;Excellence Vanille;2;0.00;2.10
15.01.2024;16:24:07;M Zuchwil;254;66;MBud Crème Fraîche;1;0.00;6.20
11.01.2024;18:54:27;MM Solothurn;251;200;Blévita Gruyère;1;0.00;3.95
11.01.2024;18:54:27;MM Solothurn;251;200;Bio Vollkornhaferflöck;1;0.00;1.30
11.01.2024;18:54:27;MM Solothurn;251;200;MBud Espresso Bohnen;1;0.00;6.00
11.01.2024;18:54:27;MM Solothurn;251;200;MClass Roggenvollkorn;1;0.00;1.80
10.01.2024;16:52:55;MM Solothurn;251;175;Wagyu Burger 2x125g;1;0.00;11.50
10.01.2024;16:52:55;MM Solothurn;251;175;Zweifel Vaya Bean;1;0.00;3.95
10.01.2024;16:52:55;MM Solothurn;251;175;LT Crémant 49% 100g;2;0.00;5.00
10.01.2024;16:52:55;MM Solothurn;251;175;MBud Spearmint 154g;2;0.00;5.80
10.01.2024;16:52:55;MM Solothurn;251;175;Kuchenglasur dunkel;2;0.00;3.70
10.01.2024;16:52:55;MM Solothurn;251;175;Reiswaffeln Schokolade;1;0.00;1.20
10.01.2024;16:52:55;MM Solothurn;251;175;Sun Queen Senffrüchte;1;0.00;3.25
10.01.2024;16:52:55;MM Solothurn;251;175;Die Butter 250g;1;0.00;3.95
10.01.2024;16:52:55;MM Solothurn;251;175;Eier Freiland 6x53g+;1;0.00;3.75
10.01.2024;16:52:55;MM Solothurn;251;175;CUM +3xPkt.Ges.Sort.;1;0;0
